{
  "신상품" : [
    {"제품코드":"PRODUCT001", "이미지":"47a08163-8f84-4eea-8e21-7cbbef65cbf2.jpg","배송구분":"샛별배송", "제조사":"양포어장", "제품명":"[양포어장] 독도 활 꽃새우 (4/15 수령)", "제품특성":"탱글한 새우살의 녹진한 단맛", "정가":69000, "할인율":0, "판매처":""},
    {"제품코드":"PRODUCT002", "이미지":"6114d324-873f-4902-a28f-f3b7efa72fd5.jpg","배송구분":"샛별배송", "제조사":"양포어장", "제품명":"[양포어장] 독도 활 닭새우 (4/15 수령)", "제품특성":"고급 새우의 품격 있는 맛", "정가":69000, "할인율":0, "판매처":""},
    {"제품코드":"PRODUCT003", "이미지":"dabf22d3-8190-45de-9ec6-a16a15252e8a.jpg","배송구분":"샛별배송", "제조사":"올가담", "제품명":"[올가담] 크림치즈 곶감 말이 (10구)", "제품특성":"곶감과 크림치즈의 산뜻한 합작", "정가":13900, "할인율":0.1, "판매처":"Kurly Only"},
    {"제품코드":"PRODUCT004", "이미지":"9934f3f8-3655-487d-a5f7-ce147cc4a1bd.jpg","배송구분":"샛별배송", "제조사":"올가담", "제품명":"[올가담] 앙버터 곶감 말이 (10구)", "제품특성":"곶감과 이즈니버터, 팥앙금의 색다른 만남", "정가":16900, "할인율":0.1, "판매처":"Kurly Only"},
    {"제품코드":"PRODUCT005", "이미지":"209ac6eb-3130-4ee0-9d51-f3ad007daa11.jpg","배송구분":"샛별배송", "제조사":"라브아", "제품명":"[라브아] 바질 설거지 워싱바 120g", "제품특성":"바질의 싱그러움이 함께 담긴 설거지 비누", "정가":9000, "할인율":0.25, "판매처":""},
    {"제품코드":"PRODUCT006", "이미지":"0a54f6a4-4f5a-4202-8f6d-045d2a1709de.jpg","배송구분":"샛별배송", "제조사":"휴게소 우동", "제품명":"[휴게소 우동] 우동 2인분 2종 (택1)", "제품특성":"추억의 맛 그대로 완성", "정가":7900, "할인율":0.15, "판매처":"Kurly Only"},
    {"제품코드":"PRODUCT007", "이미지":"1649037489506l0.jpg","배송구분":"샛별배송", "제조사":"", "제품명":"호주산 스위트 사파이어 포도 500g", "제품특성":"달콤함의 끝을 보여주는 스위트 사파이어(500g/1팩)", "정가":9900, "할인율":0.2, "판매처":""},
    {"제품코드":"PRODUCT008", "이미지":"c44f675b-f5d5-4925-8a98-08131028abd5.jpg","배송구분":"샛별배송", "제조사":"라브아", "제품명":"[라브아] 바질 키친 선물세트 (설거지바+비건 주방세제 500ml)", "제품특성":"싱그러움도 함께 담은 키친 선물세트 ", "정가":21000, "할인율":0.29, "판매처":""},
    {"제품코드":"PRODUCT009", "이미지":"e2a4edce-639b-4457-9ba0-45fec5bb8465.jpg","배송구분":"샛별배송", "제조사":"비비드키친", "제품명":"[비비드키친] 저칼로리 데리야끼소스", "제품특성":"단짠 매력의 만능 양념", "정가":3980, "할인율":0, "판매처":""},
    {"제품코드":"PRODUCT010", "이미지":"e952042b-b453-41bd-9aa3-e685bcaef43c.jpg","배송구분":"샛별배송", "제조사":"비비드키친", "제품명":"[비비드키친] 저당 굴소스", "제품특성":"부담 없이 더하는 깊은 맛", "정가":5280, "할인율":0, "판매처":""},

    {"제품코드":"PRODUCT011", "이미지":"4ae30afb-531c-4675-8c7d-fd2dea4f39dc.jpg","배송구분":"샛별배송", "제조사":"햇반", "제품명":"[햇반] 식후혈당조절도움밥 210g*6", "제품특성":"국내 최초의 상품밥 건강기능식품", "정가":12000, "할인율":0, "판매처":"건강기능"},
    {"제품코드":"PRODUCT012", "이미지":"97cac138-9ea1-484a-bc18-0b3d465639ad.jpg","배송구분":"샛별배송", "제조사":"햇반", "제품명":"[햇반] 100% 현미로 지은밥 130g*3입", "제품특성":"구수한 풍미의 현미밥", "정가":5780, "할인율":0, "판매처":""},
    {"제품코드":"PRODUCT013", "이미지":"95499580-b487-4c5a-b54e-cd2998dc34c6.jpg","배송구분":"샛별배송", "제조사":"트루알엑스", "제품명":"[트루알엑스] 리치콜라겐 (14일분)", "제품특성":"식약처가 인정한 2중 기능성 콜라겐", "정가":35000, "할인율":0.14, "판매처":"건강기능"},
    {"제품코드":"PRODUCT014", "이미지":"326b28ed-011d-4bc3-993c-056eb5763d2a.jpg","배송구분":"샛별배송", "제조사":"드니그리스", "제품명":"[드니그리스] 유기농 화이트 이탈리안 콘디먼트 (농축액 25%)", "제품특성":"간편히 더하는 상큼한 감칠맛", "정가":11700, "할인율":0, "판매처":""},
    {"제품코드":"PRODUCT015", "이미지":"605290a5-7624-4056-9e9c-8e4cbaccb7de.jpg","배송구분":"샛별배송", "제조사":"드니그리스", "제품명":"[드니그리스] 유기농 화이트 이탈리안 콘디먼트 (농축액 55%)", "제품특성":"간편히 더하는 상큼한 감칠맛", "정가":22000, "할인율":0, "판매처":""},
    {"제품코드":"PRODUCT016", "이미지":"cae2ba75-76b8-44f1-9186-f3fa05d5c899.jpg","배송구분":"샛별배송", "제조사":"이즈니 몽 슈", "제품명":"[이즈니 몽 슈] 모나카 아이스크림 2종 (택1)", "제품특성":"프렌치 스타일로 완성한 모나카", "정가":9400, "할인율":0, "판매처":"Kurly Only"},
    {"제품코드":"PRODUCT017", "이미지":"6a6d9f40-c145-4892-a142-5cc2854f5bfa.jpg","배송구분":"샛별배송", "제조사":"몬", "제품명":"[몬] 동남아 라이스누들 5종", "제품특성":"취향 따라 골라 즐기는", "정가":9400, "할인율":0, "판매처":"Kurly Only"},
    {"제품코드":"PRODUCT018", "이미지":"1648206915168l0.jpeg","배송구분":"샛별배송", "제조사":"", "제품명":"참외 500g (2입)", "제품특성":"뽀얀 과육에 꽉 찬 달콤함", "정가":8900, "할인율":0, "판매처":""},
    {"제품코드":"PRODUCT019", "이미지":"1585275064401l0.jpg","배송구분":"샛별배송", "제조사":"", "제품명":"칠레산 혼합포도 700g", "제품특성":"새콤한 청포도와 달콤한 적포도의 콜라보 ", "정가":10900, "할인율":0.17, "판매처":""},
    {"제품코드":"PRODUCT020", "이미지":"835574d6-fa4d-4b08-9e16-ac04762ad19c.jpg","배송구분":"샛별배송", "제조사":"", "제품명":"파파야 멜론 1kg (2~3입)", "제품특성":"아삭한 듯 부드러운 식감", "정가":12900, "할인율":0, "판매처":""},

    {"제품코드":"PRODUCT021-", "이미지":"1505884378979l0.jpg","배송구분":"샛별배송", "제조사":"어부네", "제품명":"[어부네] 관자 2종 (냉동)", "제품특성":"쫄깃하고 담백한 별미", "정가":8900, "할인율":0, "판매처":""},
    {"제품코드":"PRODUCT022-", "이미지":"1535528218264l0.jpg","배송구분":"샛별배송", "제조사":"어부네", "제품명":"[어부네] 꼬마 관자 250g (냉동)", "제품특성":"연하고 쫄깃한 관자의 맛", "정가":18900, "할인율":0, "판매처":""},
    {"제품코드":"PRODUCT023-", "이미지":"164820694114l0.jpeg","배송구분":"샛별배송", "제조사":"", "제품명":"작지만 나도 성주 참외 2kg", "제품특성":"작지만 알차게 차오른 달콤함", "정가":19900, "할인율":0, "판매처":""},
    {"제품코드":"PRODUCT024-", "이미지":"86a3d152-56b4-4d3a-a428-aa6f73e2410c.jpg","배송구분":"샛별배송", "제조사":"호텔컬렉션", "제품명":"[호텔컬렉션] 새우 호만두", "제품특성":"탱글한 새우가 그대로 씹히는", "정가":9980, "할인율":0.1, "판매처":""},
    {"제품코드":"PRODUCT025-", "이미지":"e6e5da5b-14b9-4a4a-98a9-64948073ef09.jpg","배송구분":"샛별배송", "제조사":"호텔컬렉션", "제품명":"[호텔컬렉션] 소갈비 호만두", "제품특성":"소갈비의 은은한 감칠맛이 가득", "정가":9980, "할인율":0.1, "판매처":""},
    {"제품코드":"PRODUCT026-", "이미지":"0f8ccd6b-431d-472a-b608-ae6556a2bc12.jpg","배송구분":"샛별배송", "제조사":"호텔컬렉션", "제품명":"[호텔컬렉션] 한우 호만두", "제품특성":"큼직한 재료들이 자아내는 맛의 호사", "정가":9980, "할인율":0.1, "판매처":""},
    {"제품코드":"PRODUCT027-", "이미지":"f3434ee0-ae30-4aca-81e4-e85e1e2af04e.jpg","배송구분":"샛별배송", "제조사":"그로미미", "제품명":"[그로미미] 리틀 카카오프렌즈 빨대컵 200ml 4종", "제품특성":"카카오프렌즈 디자인의 원터치캡 빨대컵", "정가":17900, "할인율":0, "판매처":""},
    {"제품코드":"PRODUCT028-", "이미지":"1d88ad9d-5aea-4d22-bdd9-9ab660750049.jpg","배송구분":"샛별배송", "제조사":"캐치티니핑", "제품명":"[캐치티니핑] 알쏭달쏭 캐치티니핑 프린세스 플로라하트 왕관세트", "제품특성":"왕관과 귀걸이, 브로치가 한데 담긴 구성", "정가":19200, "할인율":0, "판매처":""},
    {"제품코드":"PRODUCT029-", "이미지":"6b6d34b8-df15-45e6-8bcb-dc01128afef8.jpg","배송구분":"샛별배송", "제조사":"", "제품명":"작지만 나도 무농약 미니 골드 키위 1kg", "제품특성":"작지만 알차게 품은 달콤함", "정가":9900, "할인율":0.2, "판매처":""},
    {"제품코드":"PRODUCT030-", "이미지":"1619583502735l0.jpg","배송구분":"샛별배송", "제조사":"선물세트", "제품명":"[선물세트] 제주산 애플망고 1.1kg (3입)", "제품특성":"황금빛 과육이 품은 남다른 달콤함", "정가":99000, "할인율":0, "판매처":""},

    {"제품코드":"PRODUCT031-", "이미지":"9cd999e3-7418-4564-97c9-3b53b4d5d43c.jpg","배송구분":"온라인교환권", "제조사":"포시즌스호텔서울", "제품명":"[포시즌스호텔서울] 더마켓키친 뷔페 평일 런치 (성인)", "제품특성":"", "정가":145000, "할인율":0.15, "판매처":""},
    {"제품코드":"PRODUCT032-", "이미지":"78a39ec6-a0b7-4807-bd77-716a7767b00d.jpg","배송구분":"온라인교환권", "제조사":"", "제품명":"[포시즌스호텔서울]보칼리노 평일런치 딜라이트(2코스)", "제품특성":"", "정가":75000, "할인율":0, "판매처":""},
    {"제품코드":"PRODUCT033-", "이미지":"f6f48d30-c15f-4c47-9cad-f3f16bce4e6e.jpg","배송구분":"샛별배송", "제조사":"", "제품명":"저탄소 사과 1.8kg (7입)", "제품특성":"환경을 생각하며 재배한 사과", "정가":14900, "할인율":0, "판매처":""},
    {"제품코드":"PRODUCT034-", "이미지":"fc09d1ec-958d-48d3-92c2-13351fc4431a.jpg","배송구분":"샛별배송", "제조사":"베루", "제품명":"[베루] 오로시 샤브샤브 타레 (간 무 포함)", "제품특성":"무를 아낌 없이 갈아 넣은 소스", "정가":7980, "할인율":0, "판매처":""},
    {"제품코드":"PRODUCT035-", "이미지":"fc81632e-68dd-4fe0-bfd0-28c3144a8dff.jpg","배송구분":"샛별배송", "제조사":"마이스터", "제품명":"[마이스터] 참외 750g (3입)", "제품특성":"성주에서 온 명인의 참외", "정가":12900, "할인율":0, "판매처":""},
    {"제품코드":"PRODUCT036-", "이미지":"72e25765-f97b-476e-b5a4-e840c4eb2fd3.jpg","배송구분":"샛별배송", "제조사":"야마끼", "제품명":"[야마끼] 텐쯔유 (텐동/튀김용)", "제품특성":"튀김과 잘 어울리는 소스", "정가":6280, "할인율":0, "판매처":""},
    {"제품코드":"PRODUCT037-", "이미지":"7ae75661-7741-4808-8b6b-be94de13b886.jpg","배송구분":"샛별배송", "제조사":"몬", "제품명":"[몬] 쌀국수 한 그릇 (소스 포함)", "제품특성":"면과 육수, 소스를 한번에", "정가":4000, "할인율":0, "판매처":""},
    {"제품코드":"PRODUCT038-", "이미지":"8a1f907d-1e8d-488b-9e34-9bbcbb79570e.jpg","배송구분":"샛별배송", "제조사":"고메", "제품명":"[고메] 바삭탱글한 칠리새우", "제품특성":"입안에 꽉 차는 큼직한 새우", "정가":8980, "할인율":0, "판매처":""},
    {"제품코드":"PRODUCT039-", "이미지":"0ac29455-0c2f-466f-9881-b9ed8a7a398f.jpg","배송구분":"샛별배송", "제조사":"KF365", "제품명":"[KF365] 한돈 삼겹+목살 반반팩 700g", "제품특성":"100g 당 판매가: 2,750원", "정가":8500, "할인율":0.2, "판매처":"Kurly Only"},
    {"제품코드":"PRODUCT040-", "이미지":"d7f8fa65-26f5-486b-ab13-ac742e2b8383.jpg","배송구분":"샛별배송", "제조사":"방배동 이누식당", "제품명":"[방배동 이누식당] 포르치니 크림 파스타 (리뉴얼)", "제품특성":"포르치니의 진한 풍미가 녹아든", "정가":19250, "할인율":0, "판매처":"Kurly Only"},

    {"제품코드":"PRODUCT041", "이미지":"ec0f100c-9a20-40f8-b4d3-674f8849e6d3.jpg","배송구분":"샛별배송", "제조사":"도산분식", "제품명":"[도산분식] 홍콩 토스트 3개입", "제품특성":"카야잼과 버터, 시럽의 황홀한 조화", "정가":8500, "할인율":0.2, "판매처":"Kurly Only"},
    {"제품코드":"PRODUCT042", "이미지":"5264e5db-b504-43e6-b65b-39c22f5131e4.jpg","배송구분":"샛별배송", "제조사":"메이;린", "제품명":"[메이;린] 한돈 삼겹 동파육 밀키트 (소스증정)", "제품특성":"집에서 직접 완성하는 동파육", "정가":12500, "할인율":0.06, "판매처":""},
    {"제품코드":"PRODUCT043", "이미지":"dda0ce19-c139-434c-b7b2-62d560ca8d94.jpg","배송구분":"샛별배송", "제조사":"오발탄", "제품명":"[오발탄] 소곱창 구이", "제품특성":"곱이 가득 들어간 고소한 곱창", "정가":16900, "할인율":0.1, "판매처":""},
    {"제품코드":"PRODUCT044", "이미지":"b1b672a8-f6d2-4f7f-9d80-538f7c9f5174.jpg","배송구분":"샛별배송", "제조사":"폴 바셋: 봄", "제품명":"[폴 바셋: 봄] 시즈널 블렌드 원두 (피크닉 가든)", "제품특성":"커피로 마주하는 산뜻한 봄", "정가":20000, "할인율":0.15, "판매처":"Kurly Only"},
    {"제품코드":"PRODUCT045", "이미지":"0ec2bb5a-d89c-4f50-8172-fe404079e306.jpg","배송구분":"샛별배송", "제조사":"노티드", "제품명":"[노티드] 스마일 콜드브루 캔커피 235mL", "제품특성":"(리뉴얼) 바로 마시는 RTD 커피", "정가":4500, "할인율":0.1, "판매처":""},
    {"제품코드":"PRODUCT046", "이미지":"f3575442-22d2-4375-acad-1cd4e8a1cf37.jpg","배송구분":"샛별배송", "제조사":"또보겠지떡볶이집", "제품명":"[또보겠지떡볶이집] 떡볶이 2개입 (맵기선택)", "제품특성":"새롭게 재해석한 홍대 맛집 떡볶이", "정가":11600, "할인율":0.15, "판매처":"Kurly Only"},
    {"제품코드":"PRODUCT047", "이미지":"d6874079-8be3-4080-9266-a24e64dee628.jpg","배송구분":"샛별배송", "제조사":"하인즈", "제품명":"[하인즈] 리듀스드 슈가 토마토 케찹 836g", "제품특성":"부담 없이 즐기는 저당 케찹", "정가":8180, "할인율":0, "판매처":""},
    {"제품코드":"PRODUCT048", "이미지":"edd90808-e009-4559-8f14-0ace23bde5f2.jpg","배송구분":"샛별배송", "제조사":"하인즈", "제품명":"[하인즈] 우스타 소스 355ml", "제품특성":"하인즈만의 노하우로 완성한 감칠맛", "정가":3980, "할인율":0, "판매처":""},
    {"제품코드":"PRODUCT049", "이미지":"06f947dd-d527-4123-b766-32cf17eb27eb.jpg","배송구분":"샛별배송", "제조사":"이즈니", "제품명":"[이즈니] 롤 버터 무염 (냉동)", "제품특성":"부담 없이 활용하기 좋은 냉동 버터", "정가":13900, "할인율":0, "판매처":""},
    {"제품코드":"PRODUCT050", "이미지":"5b9c59f4-3f32-4f74-877b-5560f9682acf.jpg","배송구분":"샛별배송", "제조사":"러비더비", "제품명":"[러비더비] 센티드 비건인증 핸드크림 세트 (3입)", "제품특성":"촉촉하고 향기로운 손 케어", "정가":26700, "할인율":0.25, "판매처":""}

  ],
  "베스트" : [
    {"제품코드":"PRODUCT000", "이미지":"1f6e9c1b-e1e5-43a0-afc1-6c12c3e577b0.jpg","배송구분":"샛별배송", "제조사":"로에", "제품명":"[로에] 퍼퓸드 핸드크림 50ml 4종 (택1)", "제품특성":"손 끝에 닿는 싱그러움", "정가":14000, "할인율":0, "판매처":""},
    {"제품코드":"PRODUCT001", "이미지":"9cd999e3-7418-4564-97c9-3b53b4d5d43c.jpg","배송구분":"온라인교환권", "제조사":"포시즌스호텔서울", "제품명":"[포시즌스호텔서울] 더마켓키친 뷔페 평일 런치 (성인)", "제품특성":"", "정가":145000, "할인율":0.15, "판매처":""},
    {"제품코드":"PRODUCT002", "이미지":"78a39ec6-a0b7-4807-bd77-716a7767b00d.jpg","배송구분":"온라인교환권", "제조사":"", "제품명":"[포시즌스호텔서울]보칼리노 평일런치 딜라이트(2코스)", "제품특성":"", "정가":75000, "할인율":0, "판매처":""},
    {"제품코드":"PRODUCT003", "이미지":"f6f48d30-c15f-4c47-9cad-f3f16bce4e6e.jpg","배송구분":"샛별배송", "제조사":"", "제품명":"저탄소 사과 1.8kg (7입)", "제품특성":"환경을 생각하며 재배한 사과", "정가":14900, "할인율":0, "판매처":""},
    {"제품코드":"PRODUCT004", "이미지":"fc09d1ec-958d-48d3-92c2-13351fc4431a.jpg","배송구분":"샛별배송", "제조사":"베루", "제품명":"[베루] 오로시 샤브샤브 타레 (간 무 포함)", "제품특성":"무를 아낌 없이 갈아 넣은 소스", "정가":7980, "할인율":0, "판매처":""},
    {"제품코드":"PRODUCT005", "이미지":"fc81632e-68dd-4fe0-bfd0-28c3144a8dff.jpg","배송구분":"샛별배송", "제조사":"마이스터", "제품명":"[마이스터] 참외 750g (3입)", "제품특성":"성주에서 온 명인의 참외", "정가":12900, "할인율":0, "판매처":""},
    {"제품코드":"PRODUCT006", "이미지":"72e25765-f97b-476e-b5a4-e840c4eb2fd3.jpg","배송구분":"샛별배송", "제조사":"야마끼", "제품명":"[야마끼] 텐쯔유 (텐동/튀김용)", "제품특성":"튀김과 잘 어울리는 소스", "정가":6280, "할인율":0, "판매처":""},
    {"제품코드":"PRODUCT007", "이미지":"7ae75661-7741-4808-8b6b-be94de13b886.jpg","배송구분":"샛별배송", "제조사":"몬", "제품명":"[몬] 쌀국수 한 그릇 (소스 포함)", "제품특성":"면과 육수, 소스를 한번에", "정가":4000, "할인율":0, "판매처":""},
    {"제품코드":"PRODUCT008", "이미지":"8a1f907d-1e8d-488b-9e34-9bbcbb79570e.jpg","배송구분":"샛별배송", "제조사":"고메", "제품명":"[고메] 바삭탱글한 칠리새우", "제품특성":"입안에 꽉 차는 큼직한 새우", "정가":8980, "할인율":0, "판매처":""},
    {"제품코드":"PRODUCT009", "이미지":"0ac29455-0c2f-466f-9881-b9ed8a7a398f.jpg","배송구분":"샛별배송", "제조사":"KF365", "제품명":"[KF365] 한돈 삼겹+목살 반반팩 700g", "제품특성":"100g 당 판매가: 2,750원", "정가":8500, "할인율":0.2, "판매처":"Kurly Only"},
    {"제품코드":"PRODUCT010", "이미지":"d7f8fa65-26f5-486b-ab13-ac742e2b8383.jpg","배송구분":"샛별배송", "제조사":"방배동 이누식당", "제품명":"[방배동 이누식당] 포르치니 크림 파스타 (리뉴얼)", "제품특성":"포르치니의 진한 풍미가 녹아든", "정가":19250, "할인율":0, "판매처":"Kurly Only"},
  
    {"제품코드":"PRODUCT011", "이미지":"4ae30afb-531c-4675-8c7d-fd2dea4f39dc.jpg","배송구분":"샛별배송", "제조사":"햇반", "제품명":"[햇반] 식후혈당조절도움밥 210g*6", "제품특성":"국내 최초의 상품밥 건강기능식품", "정가":12000, "할인율":0, "판매처":"건강기능"},
    {"제품코드":"PRODUCT012", "이미지":"97cac138-9ea1-484a-bc18-0b3d465639ad.jpg","배송구분":"샛별배송", "제조사":"햇반", "제품명":"[햇반] 100% 현미로 지은밥 130g*3입", "제품특성":"구수한 풍미의 현미밥", "정가":5780, "할인율":0, "판매처":""},
    {"제품코드":"PRODUCT013", "이미지":"95499580-b487-4c5a-b54e-cd2998dc34c6.jpg","배송구분":"샛별배송", "제조사":"트루알엑스", "제품명":"[트루알엑스] 리치콜라겐 (14일분)", "제품특성":"식약처가 인정한 2중 기능성 콜라겐", "정가":35000, "할인율":0.14, "판매처":"건강기능"},
    {"제품코드":"PRODUCT014", "이미지":"326b28ed-011d-4bc3-993c-056eb5763d2a.jpg","배송구분":"샛별배송", "제조사":"드니그리스", "제품명":"[드니그리스] 유기농 화이트 이탈리안 콘디먼트 (농축액 25%)", "제품특성":"간편히 더하는 상큼한 감칠맛", "정가":11700, "할인율":0, "판매처":""},
    {"제품코드":"PRODUCT015", "이미지":"605290a5-7624-4056-9e9c-8e4cbaccb7de.jpg","배송구분":"샛별배송", "제조사":"드니그리스", "제품명":"[드니그리스] 유기농 화이트 이탈리안 콘디먼트 (농축액 55%)", "제품특성":"간편히 더하는 상큼한 감칠맛", "정가":22000, "할인율":0, "판매처":""},
    {"제품코드":"PRODUCT016", "이미지":"cae2ba75-76b8-44f1-9186-f3fa05d5c899.jpg","배송구분":"샛별배송", "제조사":"이즈니 몽 슈", "제품명":"[이즈니 몽 슈] 모나카 아이스크림 2종 (택1)", "제품특성":"프렌치 스타일로 완성한 모나카", "정가":9400, "할인율":0, "판매처":"Kurly Only"},
    {"제품코드":"PRODUCT017", "이미지":"6a6d9f40-c145-4892-a142-5cc2854f5bfa.jpg","배송구분":"샛별배송", "제조사":"몬", "제품명":"[몬] 동남아 라이스누들 5종", "제품특성":"취향 따라 골라 즐기는", "정가":9400, "할인율":0, "판매처":"Kurly Only"},
    {"제품코드":"PRODUCT018", "이미지":"1648206915168l0.jpeg","배송구분":"샛별배송", "제조사":"", "제품명":"참외 500g (2입)", "제품특성":"뽀얀 과육에 꽉 찬 달콤함", "정가":8900, "할인율":0, "판매처":""},
    {"제품코드":"PRODUCT019", "이미지":"1585275064401l0.jpg","배송구분":"샛별배송", "제조사":"", "제품명":"칠레산 혼합포도 700g", "제품특성":"새콤한 청포도와 달콤한 적포도의 콜라보 ", "정가":10900, "할인율":0.17, "판매처":""},
    {"제품코드":"PRODUCT020", "이미지":"835574d6-fa4d-4b08-9e16-ac04762ad19c.jpg","배송구분":"샛별배송", "제조사":"", "제품명":"파파야 멜론 1kg (2~3입)", "제품특성":"아삭한 듯 부드러운 식감", "정가":12900, "할인율":0, "판매처":""},
  
    {"제품코드":"PRODUCT021", "이미지":"ec0f100c-9a20-40f8-b4d3-674f8849e6d3.jpg","배송구분":"샛별배송", "제조사":"도산분식", "제품명":"[도산분식] 홍콩 토스트 3개입", "제품특성":"카야잼과 버터, 시럽의 황홀한 조화", "정가":8500, "할인율":0.2, "판매처":"Kurly Only"},
    {"제품코드":"PRODUCT022", "이미지":"5264e5db-b504-43e6-b65b-39c22f5131e4.jpg","배송구분":"샛별배송", "제조사":"메이;린", "제품명":"[메이;린] 한돈 삼겹 동파육 밀키트 (소스증정)", "제품특성":"집에서 직접 완성하는 동파육", "정가":12500, "할인율":0.06, "판매처":""},
    {"제품코드":"PRODUCT023", "이미지":"dda0ce19-c139-434c-b7b2-62d560ca8d94.jpg","배송구분":"샛별배송", "제조사":"오발탄", "제품명":"[오발탄] 소곱창 구이", "제품특성":"곱이 가득 들어간 고소한 곱창", "정가":16900, "할인율":0.1, "판매처":""},
    {"제품코드":"PRODUCT024", "이미지":"b1b672a8-f6d2-4f7f-9d80-538f7c9f5174.jpg","배송구분":"샛별배송", "제조사":"폴 바셋: 봄", "제품명":"[폴 바셋: 봄] 시즈널 블렌드 원두 (피크닉 가든)", "제품특성":"커피로 마주하는 산뜻한 봄", "정가":20000, "할인율":0.15, "판매처":"Kurly Only"},
    {"제품코드":"PRODUCT025", "이미지":"0ec2bb5a-d89c-4f50-8172-fe404079e306.jpg","배송구분":"샛별배송", "제조사":"노티드", "제품명":"[노티드] 스마일 콜드브루 캔커피 235mL", "제품특성":"(리뉴얼) 바로 마시는 RTD 커피", "정가":4500, "할인율":0.1, "판매처":""},
    {"제품코드":"PRODUCT026", "이미지":"f3575442-22d2-4375-acad-1cd4e8a1cf37.jpg","배송구분":"샛별배송", "제조사":"또보겠지떡볶이집", "제품명":"[또보겠지떡볶이집] 떡볶이 2개입 (맵기선택)", "제품특성":"새롭게 재해석한 홍대 맛집 떡볶이", "정가":11600, "할인율":0.15, "판매처":"Kurly Only"},
    {"제품코드":"PRODUCT027", "이미지":"d6874079-8be3-4080-9266-a24e64dee628.jpg","배송구분":"샛별배송", "제조사":"하인즈", "제품명":"[하인즈] 리듀스드 슈가 토마토 케찹 836g", "제품특성":"부담 없이 즐기는 저당 케찹", "정가":8180, "할인율":0, "판매처":""},
    {"제품코드":"PRODUCT028", "이미지":"edd90808-e009-4559-8f14-0ace23bde5f2.jpg","배송구분":"샛별배송", "제조사":"하인즈", "제품명":"[하인즈] 우스타 소스 355ml", "제품특성":"하인즈만의 노하우로 완성한 감칠맛", "정가":3980, "할인율":0, "판매처":""},
    {"제품코드":"PRODUCT029", "이미지":"06f947dd-d527-4123-b766-32cf17eb27eb.jpg","배송구분":"샛별배송", "제조사":"이즈니", "제품명":"[이즈니] 롤 버터 무염 (냉동)", "제품특성":"부담 없이 활용하기 좋은 냉동 버터", "정가":13900, "할인율":0, "판매처":""},
    {"제품코드":"PRODUCT030", "이미지":"5b9c59f4-3f32-4f74-877b-5560f9682acf.jpg","배송구분":"샛별배송", "제조사":"러비더비", "제품명":"[러비더비] 센티드 비건인증 핸드크림 세트 (3입)", "제품특성":"촉촉하고 향기로운 손 케어", "정가":26700, "할인율":0.25, "판매처":""},
  
    {"제품코드":"PRODUCT031-", "이미지":"1505884378979l0.jpg","배송구분":"샛별배송", "제조사":"어부네", "제품명":"[어부네] 관자 2종 (냉동)", "제품특성":"쫄깃하고 담백한 별미", "정가":8900, "할인율":0, "판매처":""},
    {"제품코드":"PRODUCT032-", "이미지":"1535528218264l0.jpg","배송구분":"샛별배송", "제조사":"어부네", "제품명":"[어부네] 꼬마 관자 250g (냉동)", "제품특성":"연하고 쫄깃한 관자의 맛", "정가":18900, "할인율":0, "판매처":""},
    {"제품코드":"PRODUCT033-", "이미지":"164820694114l0.jpeg","배송구분":"샛별배송", "제조사":"", "제품명":"작지만 나도 성주 참외 2kg", "제품특성":"작지만 알차게 차오른 달콤함", "정가":19900, "할인율":0, "판매처":""},
    {"제품코드":"PRODUCT034-", "이미지":"86a3d152-56b4-4d3a-a428-aa6f73e2410c.jpg","배송구분":"샛별배송", "제조사":"호텔컬렉션", "제품명":"[호텔컬렉션] 새우 호만두", "제품특성":"탱글한 새우가 그대로 씹히는", "정가":9980, "할인율":0.1, "판매처":""},
    {"제품코드":"PRODUCT035-", "이미지":"e6e5da5b-14b9-4a4a-98a9-64948073ef09.jpg","배송구분":"샛별배송", "제조사":"호텔컬렉션", "제품명":"[호텔컬렉션] 소갈비 호만두", "제품특성":"소갈비의 은은한 감칠맛이 가득", "정가":9980, "할인율":0.1, "판매처":""},
    {"제품코드":"PRODUCT036-", "이미지":"0f8ccd6b-431d-472a-b608-ae6556a2bc12.jpg","배송구분":"샛별배송", "제조사":"호텔컬렉션", "제품명":"[호텔컬렉션] 한우 호만두", "제품특성":"큼직한 재료들이 자아내는 맛의 호사", "정가":9980, "할인율":0.1, "판매처":""},
    {"제품코드":"PRODUCT037-", "이미지":"f3434ee0-ae30-4aca-81e4-e85e1e2af04e.jpg","배송구분":"샛별배송", "제조사":"그로미미", "제품명":"[그로미미] 리틀 카카오프렌즈 빨대컵 200ml 4종", "제품특성":"카카오프렌즈 디자인의 원터치캡 빨대컵", "정가":17900, "할인율":0, "판매처":""},
    {"제품코드":"PRODUCT038-", "이미지":"1d88ad9d-5aea-4d22-bdd9-9ab660750049.jpg","배송구분":"샛별배송", "제조사":"캐치티니핑", "제품명":"[캐치티니핑] 알쏭달쏭 캐치티니핑 프린세스 플로라하트 왕관세트", "제품특성":"왕관과 귀걸이, 브로치가 한데 담긴 구성", "정가":19200, "할인율":0, "판매처":""},
    {"제품코드":"PRODUCT039-", "이미지":"6b6d34b8-df15-45e6-8bcb-dc01128afef8.jpg","배송구분":"샛별배송", "제조사":"", "제품명":"작지만 나도 무농약 미니 골드 키위 1kg", "제품특성":"작지만 알차게 품은 달콤함", "정가":9900, "할인율":0.2, "판매처":""},
    {"제품코드":"PRODUCT040-", "이미지":"1619583502735l0.jpg","배송구분":"샛별배송", "제조사":"선물세트", "제품명":"[선물세트] 제주산 애플망고 1.1kg (3입)", "제품특성":"황금빛 과육이 품은 남다른 달콤함", "정가":99000, "할인율":0, "판매처":""},
  
    {"제품코드":"PRODUCT0041", "이미지":"47a08163-8f84-4eea-8e21-7cbbef65cbf2.jpg","배송구분":"샛별배송", "제조사":"양포어장", "제품명":"[양포어장] 독도 활 꽃새우 (4/15 수령)", "제품특성":"탱글한 새우살의 녹진한 단맛", "정가":69000, "할인율":0, "판매처":""},
    {"제품코드":"PRODUCT0042", "이미지":"6114d324-873f-4902-a28f-f3b7efa72fd5.jpg","배송구분":"샛별배송", "제조사":"양포어장", "제품명":"[양포어장] 독도 활 닭새우 (4/15 수령)", "제품특성":"고급 새우의 품격 있는 맛", "정가":69000, "할인율":0, "판매처":""},
    {"제품코드":"PRODUCT0043", "이미지":"dabf22d3-8190-45de-9ec6-a16a15252e8a.jpg","배송구분":"샛별배송", "제조사":"올가담", "제품명":"[올가담] 크림치즈 곶감 말이 (10구)", "제품특성":"곶감과 크림치즈의 산뜻한 합작", "정가":13900, "할인율":0.1, "판매처":"Kurly Only"},
    {"제품코드":"PRODUCT0044", "이미지":"9934f3f8-3655-487d-a5f7-ce147cc4a1bd.jpg","배송구분":"샛별배송", "제조사":"올가담", "제품명":"[올가담] 앙버터 곶감 말이 (10구)", "제품특성":"곶감과 이즈니버터, 팥앙금의 색다른 만남", "정가":16900, "할인율":0.1, "판매처":"Kurly Only"},
    {"제품코드":"PRODUCT0045", "이미지":"209ac6eb-3130-4ee0-9d51-f3ad007daa11.jpg","배송구분":"샛별배송", "제조사":"라브아", "제품명":"[라브아] 바질 설거지 워싱바 120g", "제품특성":"바질의 싱그러움이 함께 담긴 설거지 비누", "정가":9000, "할인율":0.25, "판매처":""},
    {"제품코드":"PRODUCT0046", "이미지":"0a54f6a4-4f5a-4202-8f6d-045d2a1709de.jpg","배송구분":"샛별배송", "제조사":"휴게소 우동", "제품명":"[휴게소 우동] 우동 2인분 2종 (택1)", "제품특성":"추억의 맛 그대로 완성", "정가":7900, "할인율":0.15, "판매처":"Kurly Only"},
    {"제품코드":"PRODUCT0047", "이미지":"1649037489506l0.jpg","배송구분":"샛별배송", "제조사":"", "제품명":"호주산 스위트 사파이어 포도 500g", "제품특성":"달콤함의 끝을 보여주는 스위트 사파이어(500g/1팩)", "정가":9900, "할인율":0.2, "판매처":""},
    {"제품코드":"PRODUCT0048", "이미지":"c44f675b-f5d5-4925-8a98-08131028abd5.jpg","배송구분":"샛별배송", "제조사":"라브아", "제품명":"[라브아] 바질 키친 선물세트 (설거지바+비건 주방세제 500ml)", "제품특성":"싱그러움도 함께 담은 키친 선물세트 ", "정가":21000, "할인율":0.29, "판매처":""},
    {"제품코드":"PRODUCT0049", "이미지":"e2a4edce-639b-4457-9ba0-45fec5bb8465.jpg","배송구분":"샛별배송", "제조사":"비비드키친", "제품명":"[비비드키친] 저칼로리 데리야끼소스", "제품특성":"단짠 매력의 만능 양념", "정가":3980, "할인율":0, "판매처":""},
    {"제품코드":"PRODUCT0050", "이미지":"e952042b-b453-41bd-9aa3-e685bcaef43c.jpg","배송구분":"샛별배송", "제조사":"비비드키친", "제품명":"[비비드키친] 저당 굴소스", "제품특성":"부담 없이 더하는 깊은 맛", "정가":5280, "할인율":0, "판매처":""}
  
  ],
  "알뜰쇼핑" : [

    {"제품코드":"PRODUCT001-", "이미지":"1505884378979l0.jpg","배송구분":"샛별배송", "제조사":"어부네", "제품명":"[어부네] 관자 2종 (냉동)", "제품특성":"쫄깃하고 담백한 별미", "정가":8900, "할인율":0, "판매처":""},
    {"제품코드":"PRODUCT002-", "이미지":"1535528218264l0.jpg","배송구분":"샛별배송", "제조사":"어부네", "제품명":"[어부네] 꼬마 관자 250g (냉동)", "제품특성":"연하고 쫄깃한 관자의 맛", "정가":18900, "할인율":0, "판매처":""},
    {"제품코드":"PRODUCT003-", "이미지":"164820694114l0.jpeg","배송구분":"샛별배송", "제조사":"", "제품명":"작지만 나도 성주 참외 2kg", "제품특성":"작지만 알차게 차오른 달콤함", "정가":19900, "할인율":0, "판매처":""},
    {"제품코드":"PRODUCT004-", "이미지":"86a3d152-56b4-4d3a-a428-aa6f73e2410c.jpg","배송구분":"샛별배송", "제조사":"호텔컬렉션", "제품명":"[호텔컬렉션] 새우 호만두", "제품특성":"탱글한 새우가 그대로 씹히는", "정가":9980, "할인율":0.1, "판매처":""},
    {"제품코드":"PRODUCT005-", "이미지":"e6e5da5b-14b9-4a4a-98a9-64948073ef09.jpg","배송구분":"샛별배송", "제조사":"호텔컬렉션", "제품명":"[호텔컬렉션] 소갈비 호만두", "제품특성":"소갈비의 은은한 감칠맛이 가득", "정가":9980, "할인율":0.1, "판매처":""},
    {"제품코드":"PRODUCT006-", "이미지":"0f8ccd6b-431d-472a-b608-ae6556a2bc12.jpg","배송구분":"샛별배송", "제조사":"호텔컬렉션", "제품명":"[호텔컬렉션] 한우 호만두", "제품특성":"큼직한 재료들이 자아내는 맛의 호사", "정가":9980, "할인율":0.1, "판매처":""},
    {"제품코드":"PRODUCT007-", "이미지":"f3434ee0-ae30-4aca-81e4-e85e1e2af04e.jpg","배송구분":"샛별배송", "제조사":"그로미미", "제품명":"[그로미미] 리틀 카카오프렌즈 빨대컵 200ml 4종", "제품특성":"카카오프렌즈 디자인의 원터치캡 빨대컵", "정가":17900, "할인율":0, "판매처":""},
    {"제품코드":"PRODUCT008-", "이미지":"1d88ad9d-5aea-4d22-bdd9-9ab660750049.jpg","배송구분":"샛별배송", "제조사":"캐치티니핑", "제품명":"[캐치티니핑] 알쏭달쏭 캐치티니핑 프린세스 플로라하트 왕관세트", "제품특성":"왕관과 귀걸이, 브로치가 한데 담긴 구성", "정가":19200, "할인율":0, "판매처":""},
    {"제품코드":"PRODUCT009-", "이미지":"6b6d34b8-df15-45e6-8bcb-dc01128afef8.jpg","배송구분":"샛별배송", "제조사":"", "제품명":"작지만 나도 무농약 미니 골드 키위 1kg", "제품특성":"작지만 알차게 품은 달콤함", "정가":9900, "할인율":0.2, "판매처":""},
    {"제품코드":"PRODUCT010-", "이미지":"1619583502735l0.jpg","배송구분":"샛별배송", "제조사":"선물세트", "제품명":"[선물세트] 제주산 애플망고 1.1kg (3입)", "제품특성":"황금빛 과육이 품은 남다른 달콤함", "정가":99000, "할인율":0, "판매처":""},
  
    {"제품코드":"PRODUCT011", "이미지":"4ae30afb-531c-4675-8c7d-fd2dea4f39dc.jpg","배송구분":"샛별배송", "제조사":"햇반", "제품명":"[햇반] 식후혈당조절도움밥 210g*6", "제품특성":"국내 최초의 상품밥 건강기능식품", "정가":12000, "할인율":0, "판매처":"건강기능"},
    {"제품코드":"PRODUCT012", "이미지":"97cac138-9ea1-484a-bc18-0b3d465639ad.jpg","배송구분":"샛별배송", "제조사":"햇반", "제품명":"[햇반] 100% 현미로 지은밥 130g*3입", "제품특성":"구수한 풍미의 현미밥", "정가":5780, "할인율":0, "판매처":""},
    {"제품코드":"PRODUCT013", "이미지":"95499580-b487-4c5a-b54e-cd2998dc34c6.jpg","배송구분":"샛별배송", "제조사":"트루알엑스", "제품명":"[트루알엑스] 리치콜라겐 (14일분)", "제품특성":"식약처가 인정한 2중 기능성 콜라겐", "정가":35000, "할인율":0.14, "판매처":"건강기능"},
    {"제품코드":"PRODUCT014", "이미지":"326b28ed-011d-4bc3-993c-056eb5763d2a.jpg","배송구분":"샛별배송", "제조사":"드니그리스", "제품명":"[드니그리스] 유기농 화이트 이탈리안 콘디먼트 (농축액 25%)", "제품특성":"간편히 더하는 상큼한 감칠맛", "정가":11700, "할인율":0, "판매처":""},
    {"제품코드":"PRODUCT015", "이미지":"605290a5-7624-4056-9e9c-8e4cbaccb7de.jpg","배송구분":"샛별배송", "제조사":"드니그리스", "제품명":"[드니그리스] 유기농 화이트 이탈리안 콘디먼트 (농축액 55%)", "제품특성":"간편히 더하는 상큼한 감칠맛", "정가":22000, "할인율":0, "판매처":""},
    {"제품코드":"PRODUCT016", "이미지":"cae2ba75-76b8-44f1-9186-f3fa05d5c899.jpg","배송구분":"샛별배송", "제조사":"이즈니 몽 슈", "제품명":"[이즈니 몽 슈] 모나카 아이스크림 2종 (택1)", "제품특성":"프렌치 스타일로 완성한 모나카", "정가":9400, "할인율":0, "판매처":"Kurly Only"},
    {"제품코드":"PRODUCT017", "이미지":"6a6d9f40-c145-4892-a142-5cc2854f5bfa.jpg","배송구분":"샛별배송", "제조사":"몬", "제품명":"[몬] 동남아 라이스누들 5종", "제품특성":"취향 따라 골라 즐기는", "정가":9400, "할인율":0, "판매처":"Kurly Only"},
    {"제품코드":"PRODUCT018", "이미지":"1648206915168l0.jpeg","배송구분":"샛별배송", "제조사":"", "제품명":"참외 500g (2입)", "제품특성":"뽀얀 과육에 꽉 찬 달콤함", "정가":8900, "할인율":0, "판매처":""},
    {"제품코드":"PRODUCT019", "이미지":"1585275064401l0.jpg","배송구분":"샛별배송", "제조사":"", "제품명":"칠레산 혼합포도 700g", "제품특성":"새콤한 청포도와 달콤한 적포도의 콜라보 ", "정가":10900, "할인율":0.17, "판매처":""},
    {"제품코드":"PRODUCT020", "이미지":"835574d6-fa4d-4b08-9e16-ac04762ad19c.jpg","배송구분":"샛별배송", "제조사":"", "제품명":"파파야 멜론 1kg (2~3입)", "제품특성":"아삭한 듯 부드러운 식감", "정가":12900, "할인율":0, "판매처":""},
  
    {"제품코드":"PRODUCT020-", "이미지":"1f6e9c1b-e1e5-43a0-afc1-6c12c3e577b0.jpg","배송구분":"샛별배송", "제조사":"로에", "제품명":"[로에] 퍼퓸드 핸드크림 50ml 4종 (택1)", "제품특성":"손 끝에 닿는 싱그러움", "정가":14000, "할인율":0, "판매처":""},
    {"제품코드":"PRODUCT021-", "이미지":"9cd999e3-7418-4564-97c9-3b53b4d5d43c.jpg","배송구분":"온라인교환권", "제조사":"포시즌스호텔서울", "제품명":"[포시즌스호텔서울] 더마켓키친 뷔페 평일 런치 (성인)", "제품특성":"", "정가":145000, "할인율":0.15, "판매처":""},
    {"제품코드":"PRODUCT022-", "이미지":"78a39ec6-a0b7-4807-bd77-716a7767b00d.jpg","배송구분":"온라인교환권", "제조사":"", "제품명":"[포시즌스호텔서울]보칼리노 평일런치 딜라이트(2코스)", "제품특성":"", "정가":75000, "할인율":0, "판매처":""},
    {"제품코드":"PRODUCT023-", "이미지":"f6f48d30-c15f-4c47-9cad-f3f16bce4e6e.jpg","배송구분":"샛별배송", "제조사":"", "제품명":"저탄소 사과 1.8kg (7입)", "제품특성":"환경을 생각하며 재배한 사과", "정가":14900, "할인율":0, "판매처":""},
    {"제품코드":"PRODUCT024-", "이미지":"fc09d1ec-958d-48d3-92c2-13351fc4431a.jpg","배송구분":"샛별배송", "제조사":"베루", "제품명":"[베루] 오로시 샤브샤브 타레 (간 무 포함)", "제품특성":"무를 아낌 없이 갈아 넣은 소스", "정가":7980, "할인율":0, "판매처":""},
    {"제품코드":"PRODUCT025-", "이미지":"fc81632e-68dd-4fe0-bfd0-28c3144a8dff.jpg","배송구분":"샛별배송", "제조사":"마이스터", "제품명":"[마이스터] 참외 750g (3입)", "제품특성":"성주에서 온 명인의 참외", "정가":12900, "할인율":0, "판매처":""},
    {"제품코드":"PRODUCT026-", "이미지":"72e25765-f97b-476e-b5a4-e840c4eb2fd3.jpg","배송구분":"샛별배송", "제조사":"야마끼", "제품명":"[야마끼] 텐쯔유 (텐동/튀김용)", "제품특성":"튀김과 잘 어울리는 소스", "정가":6280, "할인율":0, "판매처":""},
    {"제품코드":"PRODUCT027-", "이미지":"7ae75661-7741-4808-8b6b-be94de13b886.jpg","배송구분":"샛별배송", "제조사":"몬", "제품명":"[몬] 쌀국수 한 그릇 (소스 포함)", "제품특성":"면과 육수, 소스를 한번에", "정가":4000, "할인율":0, "판매처":""},
    {"제품코드":"PRODUCT028-", "이미지":"8a1f907d-1e8d-488b-9e34-9bbcbb79570e.jpg","배송구분":"샛별배송", "제조사":"고메", "제품명":"[고메] 바삭탱글한 칠리새우", "제품특성":"입안에 꽉 차는 큼직한 새우", "정가":8980, "할인율":0, "판매처":""},
    {"제품코드":"PRODUCT029-", "이미지":"0ac29455-0c2f-466f-9881-b9ed8a7a398f.jpg","배송구분":"샛별배송", "제조사":"KF365", "제품명":"[KF365] 한돈 삼겹+목살 반반팩 700g", "제품특성":"100g 당 판매가: 2,750원", "정가":8500, "할인율":0.2, "판매처":"Kurly Only"},
    {"제품코드":"PRODUCT030-", "이미지":"d7f8fa65-26f5-486b-ab13-ac742e2b8383.jpg","배송구분":"샛별배송", "제조사":"방배동 이누식당", "제품명":"[방배동 이누식당] 포르치니 크림 파스타 (리뉴얼)", "제품특성":"포르치니의 진한 풍미가 녹아든", "정가":19250, "할인율":0, "판매처":"Kurly Only"},
  
    {"제품코드":"PRODUCT031", "이미지":"47a08163-8f84-4eea-8e21-7cbbef65cbf2.jpg","배송구분":"샛별배송", "제조사":"양포어장", "제품명":"[양포어장] 독도 활 꽃새우 (4/15 수령)", "제품특성":"탱글한 새우살의 녹진한 단맛", "정가":69000, "할인율":0, "판매처":""},
    {"제품코드":"PRODUCT032", "이미지":"6114d324-873f-4902-a28f-f3b7efa72fd5.jpg","배송구분":"샛별배송", "제조사":"양포어장", "제품명":"[양포어장] 독도 활 닭새우 (4/15 수령)", "제품특성":"고급 새우의 품격 있는 맛", "정가":69000, "할인율":0, "판매처":""},
    {"제품코드":"PRODUCT033", "이미지":"dabf22d3-8190-45de-9ec6-a16a15252e8a.jpg","배송구분":"샛별배송", "제조사":"올가담", "제품명":"[올가담] 크림치즈 곶감 말이 (10구)", "제품특성":"곶감과 크림치즈의 산뜻한 합작", "정가":13900, "할인율":0.1, "판매처":"Kurly Only"},
    {"제품코드":"PRODUCT034", "이미지":"9934f3f8-3655-487d-a5f7-ce147cc4a1bd.jpg","배송구분":"샛별배송", "제조사":"올가담", "제품명":"[올가담] 앙버터 곶감 말이 (10구)", "제품특성":"곶감과 이즈니버터, 팥앙금의 색다른 만남", "정가":16900, "할인율":0.1, "판매처":"Kurly Only"},
    {"제품코드":"PRODUCT035", "이미지":"209ac6eb-3130-4ee0-9d51-f3ad007daa11.jpg","배송구분":"샛별배송", "제조사":"라브아", "제품명":"[라브아] 바질 설거지 워싱바 120g", "제품특성":"바질의 싱그러움이 함께 담긴 설거지 비누", "정가":9000, "할인율":0.25, "판매처":""},
    {"제품코드":"PRODUCT036", "이미지":"0a54f6a4-4f5a-4202-8f6d-045d2a1709de.jpg","배송구분":"샛별배송", "제조사":"휴게소 우동", "제품명":"[휴게소 우동] 우동 2인분 2종 (택1)", "제품특성":"추억의 맛 그대로 완성", "정가":7900, "할인율":0.15, "판매처":"Kurly Only"},
    {"제품코드":"PRODUCT037", "이미지":"1649037489506l0.jpg","배송구분":"샛별배송", "제조사":"", "제품명":"호주산 스위트 사파이어 포도 500g", "제품특성":"달콤함의 끝을 보여주는 스위트 사파이어(500g/1팩)", "정가":9900, "할인율":0.2, "판매처":""},
    {"제품코드":"PRODUCT038", "이미지":"c44f675b-f5d5-4925-8a98-08131028abd5.jpg","배송구분":"샛별배송", "제조사":"라브아", "제품명":"[라브아] 바질 키친 선물세트 (설거지바+비건 주방세제 500ml)", "제품특성":"싱그러움도 함께 담은 키친 선물세트 ", "정가":21000, "할인율":0.29, "판매처":""},
    {"제품코드":"PRODUCT039", "이미지":"e2a4edce-639b-4457-9ba0-45fec5bb8465.jpg","배송구분":"샛별배송", "제조사":"비비드키친", "제품명":"[비비드키친] 저칼로리 데리야끼소스", "제품특성":"단짠 매력의 만능 양념", "정가":3980, "할인율":0, "판매처":""},
    {"제품코드":"PRODUCT040", "이미지":"e952042b-b453-41bd-9aa3-e685bcaef43c.jpg","배송구분":"샛별배송", "제조사":"비비드키친", "제품명":"[비비드키친] 저당 굴소스", "제품특성":"부담 없이 더하는 깊은 맛", "정가":5280, "할인율":0, "판매처":""},
  
    {"제품코드":"PRODUCT041", "이미지":"ec0f100c-9a20-40f8-b4d3-674f8849e6d3.jpg","배송구분":"샛별배송", "제조사":"도산분식", "제품명":"[도산분식] 홍콩 토스트 3개입", "제품특성":"카야잼과 버터, 시럽의 황홀한 조화", "정가":8500, "할인율":0.2, "판매처":"Kurly Only"},
    {"제품코드":"PRODUCT042", "이미지":"5264e5db-b504-43e6-b65b-39c22f5131e4.jpg","배송구분":"샛별배송", "제조사":"메이;린", "제품명":"[메이;린] 한돈 삼겹 동파육 밀키트 (소스증정)", "제품특성":"집에서 직접 완성하는 동파육", "정가":12500, "할인율":0.06, "판매처":""},
    {"제품코드":"PRODUCT043", "이미지":"dda0ce19-c139-434c-b7b2-62d560ca8d94.jpg","배송구분":"샛별배송", "제조사":"오발탄", "제품명":"[오발탄] 소곱창 구이", "제품특성":"곱이 가득 들어간 고소한 곱창", "정가":16900, "할인율":0.1, "판매처":""},
    {"제품코드":"PRODUCT044", "이미지":"b1b672a8-f6d2-4f7f-9d80-538f7c9f5174.jpg","배송구분":"샛별배송", "제조사":"폴 바셋: 봄", "제품명":"[폴 바셋: 봄] 시즈널 블렌드 원두 (피크닉 가든)", "제품특성":"커피로 마주하는 산뜻한 봄", "정가":20000, "할인율":0.15, "판매처":"Kurly Only"},
    {"제품코드":"PRODUCT045", "이미지":"0ec2bb5a-d89c-4f50-8172-fe404079e306.jpg","배송구분":"샛별배송", "제조사":"노티드", "제품명":"[노티드] 스마일 콜드브루 캔커피 235mL", "제품특성":"(리뉴얼) 바로 마시는 RTD 커피", "정가":4500, "할인율":0.1, "판매처":""},
    {"제품코드":"PRODUCT046", "이미지":"f3575442-22d2-4375-acad-1cd4e8a1cf37.jpg","배송구분":"샛별배송", "제조사":"또보겠지떡볶이집", "제품명":"[또보겠지떡볶이집] 떡볶이 2개입 (맵기선택)", "제품특성":"새롭게 재해석한 홍대 맛집 떡볶이", "정가":11600, "할인율":0.15, "판매처":"Kurly Only"},
    {"제품코드":"PRODUCT047", "이미지":"d6874079-8be3-4080-9266-a24e64dee628.jpg","배송구분":"샛별배송", "제조사":"하인즈", "제품명":"[하인즈] 리듀스드 슈가 토마토 케찹 836g", "제품특성":"부담 없이 즐기는 저당 케찹", "정가":8180, "할인율":0, "판매처":""},
    {"제품코드":"PRODUCT048", "이미지":"edd90808-e009-4559-8f14-0ace23bde5f2.jpg","배송구분":"샛별배송", "제조사":"하인즈", "제품명":"[하인즈] 우스타 소스 355ml", "제품특성":"하인즈만의 노하우로 완성한 감칠맛", "정가":3980, "할인율":0, "판매처":""},
    {"제품코드":"PRODUCT049", "이미지":"06f947dd-d527-4123-b766-32cf17eb27eb.jpg","배송구분":"샛별배송", "제조사":"이즈니", "제품명":"[이즈니] 롤 버터 무염 (냉동)", "제품특성":"부담 없이 활용하기 좋은 냉동 버터", "정가":13900, "할인율":0, "판매처":""},
    {"제품코드":"PRODUCT050", "이미지":"5b9c59f4-3f32-4f74-877b-5560f9682acf.jpg","배송구분":"샛별배송", "제조사":"러비더비", "제품명":"[러비더비] 센티드 비건인증 핸드크림 세트 (3입)", "제품특성":"촉촉하고 향기로운 손 케어", "정가":26700, "할인율":0.25, "판매처":""}
  
  ],
  "특가혜택" : [
  
    {"제품코드":"PRODUCT001", "이미지":"ec0f100c-9a20-40f8-b4d3-674f8849e6d3.jpg","배송구분":"샛별배송", "제조사":"도산분식", "제품명":"[도산분식] 홍콩 토스트 3개입", "제품특성":"카야잼과 버터, 시럽의 황홀한 조화", "정가":8500, "할인율":0.2, "판매처":"Kurly Only"},
    {"제품코드":"PRODUCT002", "이미지":"5264e5db-b504-43e6-b65b-39c22f5131e4.jpg","배송구분":"샛별배송", "제조사":"메이;린", "제품명":"[메이;린] 한돈 삼겹 동파육 밀키트 (소스증정)", "제품특성":"집에서 직접 완성하는 동파육", "정가":12500, "할인율":0.06, "판매처":""},
    {"제품코드":"PRODUCT003", "이미지":"dda0ce19-c139-434c-b7b2-62d560ca8d94.jpg","배송구분":"샛별배송", "제조사":"오발탄", "제품명":"[오발탄] 소곱창 구이", "제품특성":"곱이 가득 들어간 고소한 곱창", "정가":16900, "할인율":0.1, "판매처":""},
    {"제품코드":"PRODUCT004", "이미지":"b1b672a8-f6d2-4f7f-9d80-538f7c9f5174.jpg","배송구분":"샛별배송", "제조사":"폴 바셋: 봄", "제품명":"[폴 바셋: 봄] 시즈널 블렌드 원두 (피크닉 가든)", "제품특성":"커피로 마주하는 산뜻한 봄", "정가":20000, "할인율":0.15, "판매처":"Kurly Only"},
    {"제품코드":"PRODUCT005", "이미지":"0ec2bb5a-d89c-4f50-8172-fe404079e306.jpg","배송구분":"샛별배송", "제조사":"노티드", "제품명":"[노티드] 스마일 콜드브루 캔커피 235mL", "제품특성":"(리뉴얼) 바로 마시는 RTD 커피", "정가":4500, "할인율":0.1, "판매처":""},
    {"제품코드":"PRODUCT006", "이미지":"f3575442-22d2-4375-acad-1cd4e8a1cf37.jpg","배송구분":"샛별배송", "제조사":"또보겠지떡볶이집", "제품명":"[또보겠지떡볶이집] 떡볶이 2개입 (맵기선택)", "제품특성":"새롭게 재해석한 홍대 맛집 떡볶이", "정가":11600, "할인율":0.15, "판매처":"Kurly Only"},
    {"제품코드":"PRODUCT007", "이미지":"d6874079-8be3-4080-9266-a24e64dee628.jpg","배송구분":"샛별배송", "제조사":"하인즈", "제품명":"[하인즈] 리듀스드 슈가 토마토 케찹 836g", "제품특성":"부담 없이 즐기는 저당 케찹", "정가":8180, "할인율":0, "판매처":""},
    {"제품코드":"PRODUCT008", "이미지":"edd90808-e009-4559-8f14-0ace23bde5f2.jpg","배송구분":"샛별배송", "제조사":"하인즈", "제품명":"[하인즈] 우스타 소스 355ml", "제품특성":"하인즈만의 노하우로 완성한 감칠맛", "정가":3980, "할인율":0, "판매처":""},
    {"제품코드":"PRODUCT009", "이미지":"06f947dd-d527-4123-b766-32cf17eb27eb.jpg","배송구분":"샛별배송", "제조사":"이즈니", "제품명":"[이즈니] 롤 버터 무염 (냉동)", "제품특성":"부담 없이 활용하기 좋은 냉동 버터", "정가":13900, "할인율":0, "판매처":""},
    {"제품코드":"PRODUCT010", "이미지":"5b9c59f4-3f32-4f74-877b-5560f9682acf.jpg","배송구분":"샛별배송", "제조사":"러비더비", "제품명":"[러비더비] 센티드 비건인증 핸드크림 세트 (3입)", "제품특성":"촉촉하고 향기로운 손 케어", "정가":26700, "할인율":0.25, "판매처":""},
  
    {"제품코드":"PRODUCT010-", "이미지":"1f6e9c1b-e1e5-43a0-afc1-6c12c3e577b0.jpg","배송구분":"샛별배송", "제조사":"로에", "제품명":"[로에] 퍼퓸드 핸드크림 50ml 4종 (택1)", "제품특성":"손 끝에 닿는 싱그러움", "정가":14000, "할인율":0, "판매처":""},
    {"제품코드":"PRODUCT011-", "이미지":"9cd999e3-7418-4564-97c9-3b53b4d5d43c.jpg","배송구분":"온라인교환권", "제조사":"포시즌스호텔서울", "제품명":"[포시즌스호텔서울] 더마켓키친 뷔페 평일 런치 (성인)", "제품특성":"", "정가":145000, "할인율":0.15, "판매처":""},
    {"제품코드":"PRODUCT012-", "이미지":"78a39ec6-a0b7-4807-bd77-716a7767b00d.jpg","배송구분":"온라인교환권", "제조사":"", "제품명":"[포시즌스호텔서울]보칼리노 평일런치 딜라이트(2코스)", "제품특성":"", "정가":75000, "할인율":0, "판매처":""},
    {"제품코드":"PRODUCT013-", "이미지":"f6f48d30-c15f-4c47-9cad-f3f16bce4e6e.jpg","배송구분":"샛별배송", "제조사":"", "제품명":"저탄소 사과 1.8kg (7입)", "제품특성":"환경을 생각하며 재배한 사과", "정가":14900, "할인율":0, "판매처":""},
    {"제품코드":"PRODUCT014-", "이미지":"fc09d1ec-958d-48d3-92c2-13351fc4431a.jpg","배송구분":"샛별배송", "제조사":"베루", "제품명":"[베루] 오로시 샤브샤브 타레 (간 무 포함)", "제품특성":"무를 아낌 없이 갈아 넣은 소스", "정가":7980, "할인율":0, "판매처":""},
    {"제품코드":"PRODUCT015-", "이미지":"fc81632e-68dd-4fe0-bfd0-28c3144a8dff.jpg","배송구분":"샛별배송", "제조사":"마이스터", "제품명":"[마이스터] 참외 750g (3입)", "제품특성":"성주에서 온 명인의 참외", "정가":12900, "할인율":0, "판매처":""},
    {"제품코드":"PRODUCT016-", "이미지":"72e25765-f97b-476e-b5a4-e840c4eb2fd3.jpg","배송구분":"샛별배송", "제조사":"야마끼", "제품명":"[야마끼] 텐쯔유 (텐동/튀김용)", "제품특성":"튀김과 잘 어울리는 소스", "정가":6280, "할인율":0, "판매처":""},
    {"제품코드":"PRODUCT017-", "이미지":"7ae75661-7741-4808-8b6b-be94de13b886.jpg","배송구분":"샛별배송", "제조사":"몬", "제품명":"[몬] 쌀국수 한 그릇 (소스 포함)", "제품특성":"면과 육수, 소스를 한번에", "정가":4000, "할인율":0, "판매처":""},
    {"제품코드":"PRODUCT018-", "이미지":"8a1f907d-1e8d-488b-9e34-9bbcbb79570e.jpg","배송구분":"샛별배송", "제조사":"고메", "제품명":"[고메] 바삭탱글한 칠리새우", "제품특성":"입안에 꽉 차는 큼직한 새우", "정가":8980, "할인율":0, "판매처":""},
    {"제품코드":"PRODUCT019-", "이미지":"0ac29455-0c2f-466f-9881-b9ed8a7a398f.jpg","배송구분":"샛별배송", "제조사":"KF365", "제품명":"[KF365] 한돈 삼겹+목살 반반팩 700g", "제품특성":"100g 당 판매가: 2,750원", "정가":8500, "할인율":0.2, "판매처":"Kurly Only"},
    {"제품코드":"PRODUCT020-", "이미지":"d7f8fa65-26f5-486b-ab13-ac742e2b8383.jpg","배송구분":"샛별배송", "제조사":"방배동 이누식당", "제품명":"[방배동 이누식당] 포르치니 크림 파스타 (리뉴얼)", "제품특성":"포르치니의 진한 풍미가 녹아든", "정가":19250, "할인율":0, "판매처":"Kurly Only"},
  
    {"제품코드":"PRODUCT021-", "이미지":"1505884378979l0.jpg","배송구분":"샛별배송", "제조사":"어부네", "제품명":"[어부네] 관자 2종 (냉동)", "제품특성":"쫄깃하고 담백한 별미", "정가":8900, "할인율":0, "판매처":""},
    {"제품코드":"PRODUCT022-", "이미지":"1535528218264l0.jpg","배송구분":"샛별배송", "제조사":"어부네", "제품명":"[어부네] 꼬마 관자 250g (냉동)", "제품특성":"연하고 쫄깃한 관자의 맛", "정가":18900, "할인율":0, "판매처":""},
    {"제품코드":"PRODUCT023-", "이미지":"164820694114l0.jpeg","배송구분":"샛별배송", "제조사":"", "제품명":"작지만 나도 성주 참외 2kg", "제품특성":"작지만 알차게 차오른 달콤함", "정가":19900, "할인율":0, "판매처":""},
    {"제품코드":"PRODUCT024-", "이미지":"86a3d152-56b4-4d3a-a428-aa6f73e2410c.jpg","배송구분":"샛별배송", "제조사":"호텔컬렉션", "제품명":"[호텔컬렉션] 새우 호만두", "제품특성":"탱글한 새우가 그대로 씹히는", "정가":9980, "할인율":0.1, "판매처":""},
    {"제품코드":"PRODUCT025-", "이미지":"e6e5da5b-14b9-4a4a-98a9-64948073ef09.jpg","배송구분":"샛별배송", "제조사":"호텔컬렉션", "제품명":"[호텔컬렉션] 소갈비 호만두", "제품특성":"소갈비의 은은한 감칠맛이 가득", "정가":9980, "할인율":0.1, "판매처":""},
    {"제품코드":"PRODUCT026-", "이미지":"0f8ccd6b-431d-472a-b608-ae6556a2bc12.jpg","배송구분":"샛별배송", "제조사":"호텔컬렉션", "제품명":"[호텔컬렉션] 한우 호만두", "제품특성":"큼직한 재료들이 자아내는 맛의 호사", "정가":9980, "할인율":0.1, "판매처":""},
    {"제품코드":"PRODUCT027-", "이미지":"f3434ee0-ae30-4aca-81e4-e85e1e2af04e.jpg","배송구분":"샛별배송", "제조사":"그로미미", "제품명":"[그로미미] 리틀 카카오프렌즈 빨대컵 200ml 4종", "제품특성":"카카오프렌즈 디자인의 원터치캡 빨대컵", "정가":17900, "할인율":0, "판매처":""},
    {"제품코드":"PRODUCT028-", "이미지":"1d88ad9d-5aea-4d22-bdd9-9ab660750049.jpg","배송구분":"샛별배송", "제조사":"캐치티니핑", "제품명":"[캐치티니핑] 알쏭달쏭 캐치티니핑 프린세스 플로라하트 왕관세트", "제품특성":"왕관과 귀걸이, 브로치가 한데 담긴 구성", "정가":19200, "할인율":0, "판매처":""},
    {"제품코드":"PRODUCT029-", "이미지":"6b6d34b8-df15-45e6-8bcb-dc01128afef8.jpg","배송구분":"샛별배송", "제조사":"", "제품명":"작지만 나도 무농약 미니 골드 키위 1kg", "제품특성":"작지만 알차게 품은 달콤함", "정가":9900, "할인율":0.2, "판매처":""},
    {"제품코드":"PRODUCT030-", "이미지":"1619583502735l0.jpg","배송구분":"샛별배송", "제조사":"선물세트", "제품명":"[선물세트] 제주산 애플망고 1.1kg (3입)", "제품특성":"황금빛 과육이 품은 남다른 달콤함", "정가":99000, "할인율":0, "판매처":""},
  
    {"제품코드":"PRODUCT031", "이미지":"4ae30afb-531c-4675-8c7d-fd2dea4f39dc.jpg","배송구분":"샛별배송", "제조사":"햇반", "제품명":"[햇반] 식후혈당조절도움밥 210g*6", "제품특성":"국내 최초의 상품밥 건강기능식품", "정가":12000, "할인율":0, "판매처":"건강기능"},
    {"제품코드":"PRODUCT032", "이미지":"97cac138-9ea1-484a-bc18-0b3d465639ad.jpg","배송구분":"샛별배송", "제조사":"햇반", "제품명":"[햇반] 100% 현미로 지은밥 130g*3입", "제품특성":"구수한 풍미의 현미밥", "정가":5780, "할인율":0, "판매처":""},
    {"제품코드":"PRODUCT033", "이미지":"95499580-b487-4c5a-b54e-cd2998dc34c6.jpg","배송구분":"샛별배송", "제조사":"트루알엑스", "제품명":"[트루알엑스] 리치콜라겐 (14일분)", "제품특성":"식약처가 인정한 2중 기능성 콜라겐", "정가":35000, "할인율":0.14, "판매처":"건강기능"},
    {"제품코드":"PRODUCT034", "이미지":"326b28ed-011d-4bc3-993c-056eb5763d2a.jpg","배송구분":"샛별배송", "제조사":"드니그리스", "제품명":"[드니그리스] 유기농 화이트 이탈리안 콘디먼트 (농축액 25%)", "제품특성":"간편히 더하는 상큼한 감칠맛", "정가":11700, "할인율":0, "판매처":""},
    {"제품코드":"PRODUCT035", "이미지":"605290a5-7624-4056-9e9c-8e4cbaccb7de.jpg","배송구분":"샛별배송", "제조사":"드니그리스", "제품명":"[드니그리스] 유기농 화이트 이탈리안 콘디먼트 (농축액 55%)", "제품특성":"간편히 더하는 상큼한 감칠맛", "정가":22000, "할인율":0, "판매처":""},
    {"제품코드":"PRODUCT036", "이미지":"cae2ba75-76b8-44f1-9186-f3fa05d5c899.jpg","배송구분":"샛별배송", "제조사":"이즈니 몽 슈", "제품명":"[이즈니 몽 슈] 모나카 아이스크림 2종 (택1)", "제품특성":"프렌치 스타일로 완성한 모나카", "정가":9400, "할인율":0, "판매처":"Kurly Only"},
    {"제품코드":"PRODUCT037", "이미지":"6a6d9f40-c145-4892-a142-5cc2854f5bfa.jpg","배송구분":"샛별배송", "제조사":"몬", "제품명":"[몬] 동남아 라이스누들 5종", "제품특성":"취향 따라 골라 즐기는", "정가":9400, "할인율":0, "판매처":"Kurly Only"},
    {"제품코드":"PRODUCT038", "이미지":"1648206915168l0.jpeg","배송구분":"샛별배송", "제조사":"", "제품명":"참외 500g (2입)", "제품특성":"뽀얀 과육에 꽉 찬 달콤함", "정가":8900, "할인율":0, "판매처":""},
    {"제품코드":"PRODUCT039", "이미지":"1585275064401l0.jpg","배송구분":"샛별배송", "제조사":"", "제품명":"칠레산 혼합포도 700g", "제품특성":"새콤한 청포도와 달콤한 적포도의 콜라보 ", "정가":10900, "할인율":0.17, "판매처":""},
    {"제품코드":"PRODUCT040", "이미지":"835574d6-fa4d-4b08-9e16-ac04762ad19c.jpg","배송구분":"샛별배송", "제조사":"", "제품명":"파파야 멜론 1kg (2~3입)", "제품특성":"아삭한 듯 부드러운 식감", "정가":12900, "할인율":0, "판매처":""},
  
    {"제품코드":"PRODUCT041", "이미지":"47a08163-8f84-4eea-8e21-7cbbef65cbf2.jpg","배송구분":"샛별배송", "제조사":"양포어장", "제품명":"[양포어장] 독도 활 꽃새우 (4/15 수령)", "제품특성":"탱글한 새우살의 녹진한 단맛", "정가":69000, "할인율":0, "판매처":""},
    {"제품코드":"PRODUCT042", "이미지":"6114d324-873f-4902-a28f-f3b7efa72fd5.jpg","배송구분":"샛별배송", "제조사":"양포어장", "제품명":"[양포어장] 독도 활 닭새우 (4/15 수령)", "제품특성":"고급 새우의 품격 있는 맛", "정가":69000, "할인율":0, "판매처":""},
    {"제품코드":"PRODUCT043", "이미지":"dabf22d3-8190-45de-9ec6-a16a15252e8a.jpg","배송구분":"샛별배송", "제조사":"올가담", "제품명":"[올가담] 크림치즈 곶감 말이 (10구)", "제품특성":"곶감과 크림치즈의 산뜻한 합작", "정가":13900, "할인율":0.1, "판매처":"Kurly Only"},
    {"제품코드":"PRODUCT044", "이미지":"9934f3f8-3655-487d-a5f7-ce147cc4a1bd.jpg","배송구분":"샛별배송", "제조사":"올가담", "제품명":"[올가담] 앙버터 곶감 말이 (10구)", "제품특성":"곶감과 이즈니버터, 팥앙금의 색다른 만남", "정가":16900, "할인율":0.1, "판매처":"Kurly Only"},
    {"제품코드":"PRODUCT045", "이미지":"209ac6eb-3130-4ee0-9d51-f3ad007daa11.jpg","배송구분":"샛별배송", "제조사":"라브아", "제품명":"[라브아] 바질 설거지 워싱바 120g", "제품특성":"바질의 싱그러움이 함께 담긴 설거지 비누", "정가":9000, "할인율":0.25, "판매처":""},
    {"제품코드":"PRODUCT046", "이미지":"0a54f6a4-4f5a-4202-8f6d-045d2a1709de.jpg","배송구분":"샛별배송", "제조사":"휴게소 우동", "제품명":"[휴게소 우동] 우동 2인분 2종 (택1)", "제품특성":"추억의 맛 그대로 완성", "정가":7900, "할인율":0.15, "판매처":"Kurly Only"},
    {"제품코드":"PRODUCT047", "이미지":"1649037489506l0.jpg","배송구분":"샛별배송", "제조사":"", "제품명":"호주산 스위트 사파이어 포도 500g", "제품특성":"달콤함의 끝을 보여주는 스위트 사파이어(500g/1팩)", "정가":9900, "할인율":0.2, "판매처":""},
    {"제품코드":"PRODUCT048", "이미지":"c44f675b-f5d5-4925-8a98-08131028abd5.jpg","배송구분":"샛별배송", "제조사":"라브아", "제품명":"[라브아] 바질 키친 선물세트 (설거지바+비건 주방세제 500ml)", "제품특성":"싱그러움도 함께 담은 키친 선물세트 ", "정가":21000, "할인율":0.29, "판매처":""},
    {"제품코드":"PRODUCT049", "이미지":"e2a4edce-639b-4457-9ba0-45fec5bb8465.jpg","배송구분":"샛별배송", "제조사":"비비드키친", "제품명":"[비비드키친] 저칼로리 데리야끼소스", "제품특성":"단짠 매력의 만능 양념", "정가":3980, "할인율":0, "판매처":""},
    {"제품코드":"PRODUCT050", "이미지":"e952042b-b453-41bd-9aa3-e685bcaef43c.jpg","배송구분":"샛별배송", "제조사":"비비드키친", "제품명":"[비비드키친] 저당 굴소스", "제품특성":"부담 없이 더하는 깊은 맛", "정가":5280, "할인율":0, "판매처":""}
  
  ]
}

