{
    "연락처":[
        {"번호": 1, "이름": "이순신",  "휴대폰": "010-2942-5305"},
        {"번호": 2, "이름": "김두환",  "휴대폰": "010-7942-5302"},
        {"번호": 3, "이름": "이영자",  "휴대폰": "010-6942-4301"},
        {"번호": 4, "이름": "차분희",  "휴대폰": "010-5942-1300"},
        {"번호": 5, "이름": "김영수",  "휴대폰": "010-3942-2309"},
        {"번호": 6, "이름": "추천수",  "휴대폰": "010-3932-3302"},
        {"번호": 7, "이름": "전수영",  "휴대폰": "010-9423-5304"}        
    ],
    "성적표":[
        {"번호": 1, "이름": "이순신",  "국어": 100, "영어": 100, "수학":  93},
        {"번호": 2, "이름": "김두환",  "국어":  50, "영어":  93, "수학":  70},
        {"번호": 3, "이름": "이영자",  "국어":  60, "영어":  90, "수학":  88},
        {"번호": 4, "이름": "차분희",  "국어":  80, "영어": 100, "수학": 100},
        {"번호": 5, "이름": "김영수",  "국어":  90, "영어":  78, "수학":  90},
        {"번호": 6, "이름": "추천수",  "국어":  98, "영어": 100, "수학":  92},
        {"번호": 7, "이름": "전수영",  "국어": 100, "영어": 100, "수학":  93}
    ]
}