<?xml version='1.0' encoding='utf-8' standalone='yes'?>
<database>
    <record>
        <hakbun>20230001</hakbun>
        <irum>이순신</irum>
        <hakgwa>전자공학과</hakgwa>
        <addr>서울시</addr>
        <hp>010-7942-5305</hp>
    </record>
    <record>
        <hakbun>20230002</hakbun>
        <irum>김유신</irum>
        <hakgwa>행정학과</hakgwa>
        <addr>서울시</addr>
        <hp>010-9992-3308</hp>
    </record>
    <record>
        <hakbun>20230003</hakbun>
        <irum>차분희</irum>
        <hakgwa>컴퓨터공학과</hakgwa>
        <addr>인천시</addr>
        <hp>010-8842-9305</hp>
    </record>
    <record>
        <hakbun>20230004</hakbun>
        <irum>김두식</irum>
        <hakgwa>전자공학과</hakgwa>
        <addr>경기도</addr>
        <hp>010-2342-4305</hp>
    </record>
    <record>
        <hakbun>20230005</hakbun>
        <irum>이순신</irum>
        <hakgwa>신문방송학과</hakgwa>
        <addr>서울시</addr>
        <hp>010-3432-3305</hp>
    </record>
    <record>
        <hakbun>20230006</hakbun>
        <irum>이소영</irum>
        <hakgwa>컴퓨터공학과</hakgwa>
        <addr>서울시</addr>
        <hp>010-1932-3305</hp>
    </record>
    <record>
        <hakbun>20230007</hakbun>
        <irum>이순신</irum>
        <hakgwa>컴퓨터공학과</hakgwa>
        <addr>서울시</addr>
        <hp>010-3941-2303</hp>
    </record>
    <record>
        <hakbun>20230008</hakbun>
        <irum>기성용</irum>
        <hakgwa>컴퓨터공학과</hakgwa>
        <addr>경기도</addr>
        <hp>010-8900-3305</hp>
    </record>
</database>