{
    "상품":[ 
        {"제품코드":"PRODUCT0001", "이미지":"0a54f6a4-4f5a-4202-8f6d-045d2a1709de.jpg", "배송구분":"샛별배송", "제조사":"양포어장", "제품명":"독도 활 꽃새우 (4/15 수령)", "제품특성":"곶감과 크림치즈의 산뜻한 합작","정가":73000,"할인율":0, "판매처":"Kurly Only"},
        {"제품코드":"PRODUCT0002", "이미지":"0ac29455-0c2f-466f-9881-b9ed8a7a398f.jpg", "배송구분":"샛별배송", "제조사":"양포어장", "제품명":"독도 활 닭새우 (4/15 수령)", "제품특성":"우동 2인분 2종 (택1)","정가":17000,"할인율":0.12, "판매처":""},
        {"제품코드":"PRODUCT0003", "이미지":"0d82637a-330e-4446-99af-86246a5dd881.jpg", "배송구분":"샛별배송", "제조사":"올가담", "제품명":"크림치즈 곶감 말이 (10구)", "제품특성":"곶감과 이즈니버터, 팥앙금의 색다른 만남","정가":21000,"할인율":0.19, "판매처":"Kurly Only"},
        {"제품코드":"PRODUCT0004", "이미지":"0ec2bb5a-d89c-4f50-8172-fe404079e306.jpg", "배송구분":"샛별배송", "제조사":"라브아", "제품명":"앙버터 곶감 말이 (10구)", "제품특성":"바질의 싱그러움이 함께 담긴 설거지 비누","정가":31000,"할인율":0, "판매처":""},
        {"제품코드":"PRODUCT0005", "이미지":"0f6c2be5-0e27-4e86-95c5-b3212a9d9ab8.jpg", "배송구분":"샛별배송", "제조사":"올가담", "제품명":"크림치즈 곶감 말이 (10구)", "제품특성":"추억의 맛 그대로 완성","정가":13000,"할인율":0.211, "판매처":"Kurly Only"},
        {"제품코드":"PRODUCT0006", "이미지":"0f8ccd6b-431d-472a-b608-ae6556a2bc12.jpg", "배송구분":"샛별배송", "제조사":"올가담", "제품명":"크림치즈 곶감 말이 (10구)", "제품특성":"추억의 맛 그대로 완성","정가":33000,"할인율":0, "판매처":"Kurly Only"},
        {"제품코드":"PRODUCT0007", "이미지":"1d88ad9d-5aea-4d22-bdd9-9ab660750049.jpg", "배송구분":"샛별배송", "제조사":"올가담", "제품명":"크림치즈 곶감 말이 (10구)", "제품특성":"추억의 맛 그대로 완성","정가":53000,"할인율":0.12, "판매처":"Kurly Only"},
        {"제품코드":"PRODUCT0008", "이미지":"1d88ad9d-5aea-4d22-bdd9-9ab660750049.jpg", "배송구분":"샛별배송", "제조사":"올가담", "제품명":"크림치즈 곶감 말이 (10구)", "제품특성":"추억의 맛 그대로 완성","정가":53000,"할인율":0.12, "판매처":"Kurly Only"},
        {"제품코드":"PRODUCT0009", "이미지":"1d88ad9d-5aea-4d22-bdd9-9ab660750049.jpg", "배송구분":"샛별배송", "제조사":"올가담", "제품명":"크림치즈 곶감 말이 (10구)", "제품특성":"추억의 맛 그대로 완성","정가":53000,"할인율":0.12, "판매처":"Kurly Only"},
        {"제품코드":"PRODUCT00010","이미지":"1d88ad9d-5aea-4d22-bdd9-9ab660750049.jpg", "배송구분":"샛별배송", "제조사":"올가담", "제품명":"크림치즈 곶감 말이 (10구)", "제품특성":"추억의 맛 그대로 완성","정가":53000,"할인율":0.12, "판매처":"Kurly Only"},
        {"제품코드":"PRODUCT00011","이미지":"1d88ad9d-5aea-4d22-bdd9-9ab660750049.jpg", "배송구분":"샛별배송", "제조사":"올가담", "제품명":"크림치즈 곶감 말이 (10구)", "제품특성":"추억의 맛 그대로 완성","정가":53000,"할인율":0.12, "판매처":"Kurly Only"},
        {"제품코드":"PRODUCT00012","이미지":"1d88ad9d-5aea-4d22-bdd9-9ab660750049.jpg", "배송구분":"샛별배송", "제조사":"올가담", "제품명":"크림치즈 곶감 말이 (10구)", "제품특성":"추억의 맛 그대로 완성","정가":53000,"할인율":0.12, "판매처":"Kurly Only"},
        {"제품코드":"PRODUCT00013","이미지":"1d88ad9d-5aea-4d22-bdd9-9ab660750049.jpg", "배송구분":"샛별배송", "제조사":"올가담", "제품명":"크림치즈 곶감 말이 (10구)", "제품특성":"추억의 맛 그대로 완성","정가":53000,"할인율":0.12, "판매처":"Kurly Only"},
        {"제품코드":"PRODUCT00014","이미지":"1d88ad9d-5aea-4d22-bdd9-9ab660750049.jpg", "배송구분":"샛별배송", "제조사":"올가담", "제품명":"크림치즈 곶감 말이 (10구)", "제품특성":"추억의 맛 그대로 완성","정가":53000,"할인율":0.12, "판매처":"Kurly Only"},
        {"제품코드":"PRODUCT00015","이미지":"1d88ad9d-5aea-4d22-bdd9-9ab660750049.jpg", "배송구분":"샛별배송", "제조사":"올가담", "제품명":"크림치즈 곶감 말이 (10구)", "제품특성":"추억의 맛 그대로 완성","정가":53000,"할인율":0.12, "판매처":"Kurly Only"},
        {"제품코드":"PRODUCT00016","이미지":"1d88ad9d-5aea-4d22-bdd9-9ab660750049.jpg", "배송구분":"샛별배송", "제조사":"올가담", "제품명":"크림치즈 곶감 말이 (10구)", "제품특성":"추억의 맛 그대로 완성","정가":53000,"할인율":0.12, "판매처":"Kurly Only"},
        {"제품코드":"PRODUCT00017","이미지":"1d88ad9d-5aea-4d22-bdd9-9ab660750049.jpg", "배송구분":"샛별배송", "제조사":"올가담", "제품명":"크림치즈 곶감 말이 (10구)", "제품특성":"추억의 맛 그대로 완성","정가":53000,"할인율":0.12, "판매처":"Kurly Only"},
        {"제품코드":"PRODUCT00018","이미지":"1d88ad9d-5aea-4d22-bdd9-9ab660750049.jpg", "배송구분":"샛별배송", "제조사":"올가담", "제품명":"크림치즈 곶감 말이 (10구)", "제품특성":"추억의 맛 그대로 완성","정가":53000,"할인율":0.12, "판매처":"Kurly Only"},
        {"제품코드":"PRODUCT00019","이미지":"1d88ad9d-5aea-4d22-bdd9-9ab660750049.jpg", "배송구분":"샛별배송", "제조사":"올가담", "제품명":"크림치즈 곶감 말이 (10구)", "제품특성":"추억의 맛 그대로 완성","정가":53000,"할인율":0.12, "판매처":"Kurly Only"},
        {"제품코드":"PRODUCT00020","이미지":"1d88ad9d-5aea-4d22-bdd9-9ab660750049.jpg", "배송구분":"샛별배송", "제조사":"올가담", "제품명":"크림치즈 곶감 말이 (10구)", "제품특성":"추억의 맛 그대로 완성","정가":53000,"할인율":0.12, "판매처":"Kurly Only"}
    ]
}