1,관광펜션업,2005-08-29,,휴업,휴업,219-832,,
2,관광펜션업,2007-01-09,,휴업,휴업,219-832,24766,
3,관광펜션업,2008-11-19,,휴업,휴업,219-832,24766,721.35
4,관광펜션업,2015-02-11,,휴업,휴업,219-823,24752,
5,관광펜션업,2009-07-07,,휴업,휴업,390-832,390-832,147.24
6,관광펜션업,2014-11-19,,폐업,폐업,780-430,38126,125.86
7,관광펜션업,2014-11-19,,폐업,폐업,780-460,38200,217.44
8,관광펜션업,2017-09-05,,폐업,폐업,,38126,
9,관광펜션업,2017-09-05,,폐업,폐업,,38126,
10,관광펜션업,2015-07-01,,폐업,폐업,355-944,33488,379.17
11,관광펜션업,2016-06-29,,폐업,폐업,,33488,
12,관광펜션업,2017-08-07,,폐업,폐업,,33488,133.2
13,관광펜션업,2012-11-01,,폐업,폐업,340-924,,
14,관광펜션업,2007-10-11,,폐업,폐업,357-971,,640.19
15,관광펜션업,2007-02-27,,폐업,폐업,357-952,,
16,관광펜션업,2011-08-12,,폐업,폐업,350-861,32206,247.92
17,관광펜션업,2008-12-23,,폐업,폐업,,32111,709.78
18,관광펜션업,2008-09-17,,폐업,폐업,,32152,569.82
19,관광펜션업,2009-01-16,,폐업,폐업,,32158,
20,관광펜션업,2009-05-14,,폐업,폐업,,32157,394.08
21,관광펜션업,2009-01-16,,폐업,폐업,,32158,755.82
22,관광펜션업,2010-06-08,,폐업,폐업,357-952,,360.09
23,관광펜션업,2007-02-27,,폐업,폐업,357-952,357-952,
24,관광펜션업,2017-08-28,,폐업,폐업,,32155,884.88
25,관광펜션업,2018-05-27,,폐업,폐업,,32172,281.62
26,관광펜션업,2012-06-12,,폐업,폐업,,32154,
27,관광펜션업,2010-09-01,,폐업,폐업,357-952,,790.78
28,관광펜션업,2010-10-15,,폐업,폐업,357-953,,149.04
29,관광펜션업,2011-09-07,,폐업,폐업,,32157,813.39
30,관광펜션업,2018-12-27,,폐업,폐업,,23014,
31,관광펜션업,2019-01-25,,폐업,폐업,,53332,224.01
32,관광펜션업,2004-10-27,,폐업,폐업,,38125,370.86
33,관광펜션업,2010-12-09,,폐업,폐업,,38175,
34,관광펜션업,2010-12-28,,폐업,폐업,,38126,144.22
35,관광펜션업,2011-01-18,,폐업,폐업,780-852,,
36,관광펜션업,2011-03-08,,폐업,폐업,,38128,
37,관광펜션업,2011-04-20,,폐업,폐업,,38210,
38,관광펜션업,2011-06-09,,폐업,폐업,780-270,,
39,관광펜션업,2011-08-31,,폐업,폐업,780-843,,
40,관광펜션업,2006-10-17,,폐업,폐업,,38126,
41,관광펜션업,2009-06-17,,폐업,폐업,,38198,
42,관광펜션업,2010-02-23,,폐업,폐업,,38126,
43,관광펜션업,2010-02-23,,폐업,폐업,,38126,
44,관광펜션업,2010-02-23,,폐업,폐업,,38126,
45,관광펜션업,2010-06-07,,폐업,폐업,,38115,
46,관광펜션업,2010-06-07,,폐업,폐업,,38126,
47,관광펜션업,2010-06-07,,폐업,폐업,,38127,
48,관광펜션업,2010-06-07,,폐업,폐업,,38126,
49,관광펜션업,2010-06-07,,폐업,폐업,780-270,780-270,
50,관광펜션업,2010-08-10,,폐업,폐업,,38126,
51,관광펜션업,2010-10-09,,폐업,폐업,,38118,
52,관광펜션업,2010-10-09,,폐업,폐업,,38118,
53,관광펜션업,2010-10-09,,폐업,폐업,,38118,
54,관광펜션업,2011-11-24,,폐업,폐업,780-420,780-420,
55,관광펜션업,2012-01-09,,폐업,폐업,780-410,780-410,
56,관광펜션업,2010-10-29,,폐업,폐업,,38126,
57,관광펜션업,2010-11-08,,폐업,폐업,780-844,,
58,관광펜션업,2012-10-11,,폐업,폐업,780-410,38126,
59,관광펜션업,2012-10-25,,폐업,폐업,780-430,38126,
60,관광펜션업,2012-11-06,,폐업,폐업,780-843,38220,
61,관광펜션업,2013-10-08,,폐업,폐업,780-430,38126,229.82
62,관광펜션업,2013-11-14,,폐업,폐업,780-430,38126,218.6
63,관광펜션업,2014-06-18,,폐업,폐업,780-400,38127,85.08
64,관광펜션업,2014-06-18,,폐업,폐업,780-430,780-430,104.82
65,관광펜션업,2014-07-16,,폐업,폐업,780-430,38126,131.75
66,관광펜션업,2014-03-07,,폐업,폐업,799-803,799-803,245.79
67,관광펜션업,2011-06-13,,폐업,폐업,769-972,,
68,관광펜션업,2014-03-21,,폐업,폐업,763-833,37437,228.68
69,관광펜션업,2014-07-21,,폐업,폐업,409-892,409-892,303
70,관광펜션업,2004-04-03,,폐업,폐업,355-943,33490,968.88
71,관광펜션업,2010-05-18,,폐업,폐업,355-944,33489,310.72
72,관광펜션업,2010-08-18,,폐업,폐업,355-943,33489,336.99
73,관광펜션업,2011-03-14,,폐업,폐업,355-943,33489,436.32
74,관광펜션업,2011-07-06,,폐업,폐업,355-943,33489,397.99
75,관광펜션업,2012-02-10,,폐업,폐업,355-943,355-943,280.65
76,관광펜션업,2012-11-12,,폐업,폐업,355-943,33489,206.52
77,관광펜션업,2012-11-27,,폐업,폐업,355-943,355-943,295.26
78,관광펜션업,2012-12-20,,폐업,폐업,355-943,33489,440.85
79,관광펜션업,2012-05-31,,폐업,폐업,320-881,,
80,관광펜션업,2017-06-07,,폐업,폐업,,33028,490.45
81,관광펜션업,2013-05-28,,폐업,폐업,355-943,355-943,314.17
82,관광펜션업,2013-07-01,,폐업,폐업,355-943,33488,380.04
83,관광펜션업,2013-07-05,,폐업,폐업,355-943,33488,378.84
84,관광펜션업,2007-08-09,,폐업,폐업,469-832,,225.89
85,관광펜션업,2019-04-29,,폐업,폐업,,33344,0
86,관광펜션업,2010-08-31,,폐업,폐업,619-951,46028,143.26
87,관광펜션업,2010-12-09,,폐업,폐업,585-805,585-805,
88,관광펜션업,2017-12-20,,폐업,폐업,,56212,392.24
89,관광펜션업,2009-06-16,,폐업,폐업,579-893,56345,
90,관광펜션업,2012-11-27,,폐업,폐업,568-811,55555,495
91,관광펜션업,2012-11-09,,폐업,폐업,579-853,579-853,229.41
92,관광펜션업,2014-12-08,,폐업,폐업,568-811,55555,22537
93,관광펜션업,2010-08-04,,폐업,폐업,568-814,,173.98
94,관광펜션업,2010-08-05,,폐업,폐업,568-814,,267.82
95,관광펜션업,2010-08-10,,폐업,폐업,568-823,,155.39
96,관광펜션업,2011-04-22,,폐업,폐업,568-811,,490.8
97,관광펜션업,2017-11-30,,폐업,폐업,,55557,904.46
98,관광펜션업,2016-03-14,,폐업,폐업,,10809,
99,관광펜션업,2005-04-28,,폐업,폐업,476-851,,214.53
100,관광펜션업,2012-12-12,,폐업,폐업,476-851,12528,682.09
101,관광펜션업,2005-06-17,,폐업,폐업,476-801,,198.87
102,관광펜션업,2011-02-21,,폐업,폐업,476-921,,263.74
103,관광펜션업,2004-07-21,,폐업,폐업,225-834,25261,343.02
104,관광펜션업,2006-09-18,,폐업,폐업,225-862,,65.09
105,관광펜션업,2015-01-07,,폐업,폐업,520-160,58243,66.45
106,관광펜션업,2014-10-23,,폐업,폐업,539-835,58936,
107,관광펜션업,2012-12-24,,폐업,폐업,,57623,
108,관광펜션업,2010-09-15,,폐업,폐업,525-852,525-852,507.68
109,관광펜션업,2012-12-05,,폐업,폐업,525-871,57115,774.7
110,관광펜션업,2017-11-07,,폐업,폐업,,57115,168.95
111,관광펜션업,2011-06-09,,폐업,폐업,517-812,57352,8380
112,관광펜션업,2011-11-01,,폐업,폐업,517-812,57352,
113,관광펜션업,2016-02-04,,폐업,폐업,,59054,303
114,관광펜션업,2006-06-09,,폐업,폐업,656-891,,
115,관광펜션업,2019-10-08,,폐업,폐업,,33488,378.96
116,관광펜션업,2004-12-27,,폐업,폐업,650-834,,434.25
117,관광펜션업,2010-07-09,,폐업,폐업,650-943,,
118,관광펜션업,2010-07-14,,폐업,폐업,650-831,,
119,관광펜션업,2010-08-09,,폐업,폐업,650-831,,
120,관광펜션업,2010-10-29,,폐업,폐업,650-943,,
121,관광펜션업,2010-10-29,,폐업,폐업,650-943,,
122,관광펜션업,2010-10-29,,폐업,폐업,650-943,,
123,관광펜션업,2011-06-14,,폐업,폐업,650-915,,
124,관광펜션업,2011-08-11,,폐업,폐업,650-831,,
125,관광펜션업,2012-06-19,,폐업,폐업,650-100,53063,
126,관광펜션업,2012-06-19,,폐업,폐업,650-170,650-170,
127,관광펜션업,2010-08-03,,폐업,폐업,200-911,,575.09
128,관광펜션업,2014-10-20,,폐업,폐업,200-914,24464,571.3
129,관광펜션업,2014-12-15,,폐업,폐업,689-883,45015,578
130,관광펜션업,2017-08-31,,폐업,폐업,,59448,98.01
131,관광펜션업,2018-02-05,,폐업,폐업,,59448,136.57
132,관광펜션업,2018-05-17,,폐업,폐업,,59419,88.5
133,관광펜션업,2010-09-07,,폐업,폐업,534-813,,463
134,관광펜션업,2005-04-14,,폐업,폐업,534-851,534-851,1316.64
135,관광펜션업,2009-09-17,,폐업,폐업,513-861,57067,169.43
136,관광펜션업,2017-12-08,,폐업,폐업,,18553,195.6
137,관광펜션업,2020-03-06,,폐업,폐업,,24464,198
138,관광펜션업,2020-03-05,,폐업,폐업,,26304,171.66
139,관광펜션업,2010-07-08,,폐업,폐업,656-831,,221.68
140,관광펜션업,2013-02-26,,폐업,폐업,656-843,53333,196.92
141,관광펜션업,2013-07-19,,폐업,폐업,656-832,656-832,228.29
142,관광펜션업,2017-04-10,,폐업,폐업,,53205,
143,관광펜션업,2013-07-19,,폐업,폐업,656-832,656-832,228.29
144,관광펜션업,2013-07-19,,폐업,폐업,656-832,656-832,228.29
145,관광펜션업,2013-07-19,,폐업,폐업,656-832,656-832,228.47
146,관광펜션업,2013-07-19,,폐업,폐업,656-832,656-832,228.47
147,관광펜션업,2014-06-17,,폐업,폐업,656-852,656-852,385.3
148,관광펜션업,2015-06-15,,폐업,폐업,656-891,53329,188.8
149,관광펜션업,2017-02-20,,폐업,폐업,,53205,
150,관광펜션업,2017-02-20,,폐업,폐업,,53205,
151,관광펜션업,2004-06-21,,폐업,폐업,,,717.84
152,관광펜션업,2004-09-24,,폐업,폐업,233-809,,317.35
153,관광펜션업,2008-05-08,,폐업,폐업,233-802,233-802,299.69
154,관광펜션업,2017-02-14,,폐업,폐업,,26146,
155,관광펜션업,2017-02-17,,폐업,폐업,,26146,
156,관광펜션업,2018-05-08,,폐업,폐업,,25938,416.94
157,관광펜션업,2004-08-03,,폐업,폐업,250-803,,267.89
158,관광펜션업,2004-04-30,,폐업,폐업,250-852,,
159,관광펜션업,2007-06-27,,폐업,폐업,250-882,25111,
160,관광펜션업,2010-03-25,,폐업,폐업,250-833,,
161,관광펜션업,2012-06-27,,폐업,폐업,250-861,25161,191.5
162,관광펜션업,2006-04-17,,폐업,폐업,215-823,,752.76
163,관광펜션업,2006-04-17,,폐업,폐업,215-823,,804.18
164,관광펜션업,2010-09-07,,폐업,폐업,215-815,25038,
165,관광펜션업,2011-08-22,,폐업,폐업,215-815,,
166,관광펜션업,2020-05-15,,폐업,폐업,,53330,
167,관광펜션업,2010-10-27,,폐업,폐업,668-821,,956.96
168,관광펜션업,2017-07-13,,폐업,폐업,,53202,
169,관광펜션업,2018-04-30,,폐업,폐업,,53329,213.87
170,관광펜션업,2014-01-03,,폐업,폐업,650-913,650-913,229.48
171,관광펜션업,2014-09-01,,폐업,폐업,650-943,53086,
172,관광펜션업,2014-11-06,,폐업,폐업,650-836,53017,
173,관광펜션업,2014-12-04,,폐업,폐업,650-837,53023,
174,관광펜션업,2015-05-26,,폐업,폐업,650-942,53087,
175,관광펜션업,2016-05-04,,폐업,폐업,,53085,
176,관광펜션업,2018-03-20,,폐업,폐업,,53100,107.52
177,관광펜션업,2010-11-22,,폐업,폐업,232-923,,197.21
178,관광펜션업,2012-11-16,,폐업,폐업,232-922,25309,156.64
179,관광펜션업,2014-06-03,,폐업,폐업,232-944,25337,115.05
180,관광펜션업,2004-04-28,,폐업,폐업,232-811,,990
181,관광펜션업,2005-05-23,,폐업,폐업,232-922,,454
182,관광펜션업,2007-12-28,,폐업,폐업,232-811,,990
183,관광펜션업,2008-05-13,,폐업,폐업,232-943,,225.47
184,관광펜션업,2013-10-14,,폐업,폐업,250-856,25101,652
185,관광펜션업,2017-11-22,,폐업,폐업,,25103,
186,관광펜션업,2013-10-30,,폐업,폐업,250-856,25101,153.06
187,관광펜션업,2015-02-03,,폐업,폐업,250-871,250-871,252.57
188,관광펜션업,2015-04-27,,폐업,폐업,250-881,25116,161.09
189,관광펜션업,2016-02-24,,폐업,폐업,,25116,336.14
190,관광펜션업,2016-02-24,,폐업,폐업,,25116,310.64
191,관광펜션업,2011-10-10,,폐업,폐업,255-804,,160.72
192,관광펜션업,2003-12-18,,폐업,폐업,210-370,,195.4
193,관광펜션업,2004-08-02,,폐업,폐업,210-851,,
194,관광펜션업,2009-06-11,,폐업,폐업,,,5866.13
195,관광펜션업,2012-03-29,,폐업,폐업,210-863,210-863,
196,관광펜션업,2011-01-12,,폐업,폐업,235-802,235-019,213.39
197,관광펜션업,2012-07-17,,폐업,폐업,219-833,24764,
198,관광펜션업,2021-09-17,,폐업,폐업,,32160,232.8
199,관광펜션업,2021-04-26,,폐업,폐업,,32160,363.67
200,관광펜션업,2010-11-18,,폐업,폐업,666-803,,95.28
201,관광펜션업,2010-11-18,,폐업,폐업,666-803,,95.28
202,관광펜션업,2012-10-22,,폐업,폐업,666-801,666-801,
203,관광펜션업,2012-10-23,,폐업,폐업,666-933,52236,
204,관광펜션업,2014-06-05,,폐업,폐업,666-922,52232,
205,관광펜션업,2010-11-18,,폐업,폐업,666-803,666-800,92.76
206,관광펜션업,2007-11-26,,폐업,폐업,627-832,50415,147
207,관광펜션업,2010-03-25,,폐업,폐업,627-822,50418,
208,관광펜션업,2004-12-15,,폐업,폐업,656-892,,132.7
209,관광펜션업,2004-12-15,,폐업,폐업,656-892,,141.02
210,관광펜션업,2004-12-15,,폐업,폐업,656-892,,134.92
211,관광펜션업,2007-01-22,,폐업,폐업,656-891,,
212,관광펜션업,2008-08-06,,폐업,폐업,656-833,,1445.99
213,관광펜션업,2009-02-25,,폐업,폐업,656-891,,273.88
214,관광펜션업,2009-02-25,,폐업,폐업,656-891,,341.43
215,관광펜션업,2009-03-05,,폐업,폐업,656-892,,143.82
216,관광펜션업,2009-06-16,,폐업,폐업,656-891,656-891,410.52
217,관광펜션업,2009-12-30,,폐업,폐업,668-854,,385.1
218,관광펜션업,2010-01-18,,폐업,폐업,668-854,,235.91
219,관광펜션업,2018-09-20,,폐업,폐업,,37930,
220,관광펜션업,2018-09-20,,폐업,폐업,,37930,
221,관광펜션업,2021-03-08,,폐업,폐업,,12428,
222,관광펜션업,2017-12-06,,폐업,폐업,,30056,
223,관광펜션업,2012-04-18,,폐업,폐업,472-851,12028,160.67
224,관광펜션업,2009-05-06,,폐업,폐업,477-842,12406,148.25
225,관광펜션업,2009-05-06,,폐업,폐업,477-842,12406,149.42
226,관광펜션업,2010-03-11,,폐업,폐업,477-803,477-803,396.85
227,관광펜션업,2010-11-19,,폐업,폐업,477-842,12406,669.61
228,관광펜션업,2012-09-28,,폐업,폐업,477-812,12457,396.72
229,관광펜션업,2012-12-10,,폐업,폐업,477-833,477-833,428.45
230,관광펜션업,2014-02-04,,폐업,폐업,477-812,12457,271.07
231,관광펜션업,2014-06-16,,폐업,폐업,477-812,12457,364
232,관광펜션업,2018-07-23,,폐업,폐업,,12456,152.78
233,관광펜션업,2017-05-22,,폐업,폐업,,12808,156.4
234,관광펜션업,2009-07-07,,폐업,폐업,390-832,390-824,144.27
235,관광펜션업,2009-07-07,,폐업,폐업,390-832,27215,117.06
236,관광펜션업,2009-07-07,,폐업,폐업,390-832,27215,143.23
237,관광펜션업,2009-07-07,,폐업,폐업,390-832,27215,154.2
238,관광펜션업,2009-07-07,,폐업,폐업,390-832,27215,134.35
239,관광펜션업,2009-07-09,,폐업,폐업,390-832,,
240,관광펜션업,2009-07-09,,폐업,폐업,390-832,,
241,관광펜션업,2009-07-09,,폐업,폐업,390-832,,
242,관광펜션업,2009-07-09,,폐업,폐업,390-832,,
243,관광펜션업,2009-07-09,,폐업,폐업,390-832,,
244,관광펜션업,2009-07-09,,폐업,폐업,390-832,,
245,관광펜션업,2003-12-03,,폐업,폐업,395-821,395-820,153.76
246,관광펜션업,2004-10-19,,폐업,폐업,395-821,395-820,204.42
247,관광펜션업,2004-06-25,,폐업,폐업,395-821,395-820,
248,관광펜션업,2005-04-15,,폐업,폐업,395-801,27024,199.88
249,관광펜션업,2003-12-03,,폐업,폐업,390-831,,
250,관광펜션업,2009-08-06,,폐업,폐업,417-861,417-861,201.95
251,관광펜션업,2018-10-10,,폐업,폐업,,23021,
252,관광펜션업,2005-10-31,,영업/정상,영업중,745-862,36923,135.1
253,관광펜션업,2003-12-29,,영업/정상,영업중,745-803,745-803,231.86
254,관광펜션업,2008-05-22,,영업/정상,영업중,745-801,,3206
255,관광펜션업,2015-06-26,,영업/정상,영업중,780-410,38126,
256,관광펜션업,2009-08-21,,영업/정상,영업중,745-803,36912,118.3
257,관광펜션업,2010-02-19,,영업/정상,영업중,745-903,36993,131
258,관광펜션업,2013-04-23,,영업/정상,영업중,745-801,36919,63
259,관광펜션업,2016-06-09,,영업/정상,영업중,,36919,490.95
260,관광펜션업,2015-06-19,,영업/정상,영업중,355-884,33501,128.48
261,관광펜션업,2015-06-19,,영업/정상,영업중,355-884,33501,116.73
262,관광펜션업,2015-06-19,,영업/정상,영업중,355-884,33501,116.73
263,관광펜션업,2015-06-25,,영업/정상,영업중,355-943,33489,386.4
264,관광펜션업,2016-08-19,,영업/정상,영업중,,33488,218
265,관광펜션업,2018-06-07,,영업/정상,영업중,,33488,390.96
266,관광펜션업,2018-07-24,,영업/정상,영업중,,33489,498.29
267,관광펜션업,2015-06-18,,영업/정상,영업중,355-884,33501,385.4
268,관광펜션업,2006-11-14,,영업/정상,영업중,,32155,
269,관광펜션업,2008-06-12,,영업/정상,영업중,,32157,425.46
270,관광펜션업,2008-12-04,,영업/정상,영업중,,32155,658.14
271,관광펜션업,2008-06-12,,영업/정상,영업중,,32155,790.78
272,관광펜션업,2008-06-12,,영업/정상,영업중,,32163,93.92
273,관광펜션업,2009-05-29,,영업/정상,영업중,,32153,287.82
274,관광펜션업,2010-05-11,,영업/정상,영업중,357-952,,334.99
275,관광펜션업,2010-07-27,,영업/정상,영업중,357-942,32130,614.88
276,관광펜션업,2010-08-05,,영업/정상,영업중,357-953,,559.29
277,관광펜션업,2006-06-12,,영업/정상,영업중,,32155,
278,관광펜션업,2008-01-15,,영업/정상,영업중,357-963,32163,297
279,관광펜션업,2008-02-20,,영업/정상,영업중,,32155,673
280,관광펜션업,2008-05-29,,영업/정상,영업중,,32170,522.84
281,관광펜션업,2011-09-30,,영업/정상,영업중,356-835,356-835,1000
282,관광펜션업,2010-08-05,,영업/정상,영업중,357-922,,789.01
283,관광펜션업,2010-08-06,,영업/정상,영업중,,32158,520.62
284,관광펜션업,2008-05-29,,영업/정상,영업중,,32170,612.74
285,관광펜션업,2012-08-22,,영업/정상,영업중,357-912,,385.54
286,관광펜션업,2012-05-17,,영업/정상,영업중,,32152,408.41
287,관광펜션업,2014-07-08,,영업/정상,영업중,357-972,32170,979
288,관광펜션업,2010-08-17,,영업/정상,영업중,357-952,,340.54
289,관광펜션업,2010-12-02,,영업/정상,영업중,357-963,,446.15
290,관광펜션업,2010-12-06,,영업/정상,영업중,357-952,,998.96
291,관광펜션업,2011-02-22,,영업/정상,영업중,357-907,,1092.64
292,관광펜션업,2011-07-11,,영업/정상,영업중,357-952,,246.97
293,관광펜션업,2011-09-23,,영업/정상,영업중,357-952,,993.09
294,관광펜션업,2012-05-25,,영업/정상,영업중,357-913,357-913,742.25
295,관광펜션업,2022-03-24,,영업/정상,영업중,,53080,84.01
296,관광펜션업,2018-12-27,,영업/정상,영업중,,58824,260.76
297,관광펜션업,2019-01-17,,영업/정상,영업중,,23060,
298,관광펜션업,2019-01-23,,영업/정상,영업중,,52317,
299,관광펜션업,2019-02-19,,영업/정상,영업중,,50584,0
300,관광펜션업,2019-01-28,,영업/정상,영업중,,37947,
301,관광펜션업,2019-03-22,,영업/정상,영업중,,53084,
302,관광펜션업,2019-03-20,,영업/정상,영업중,,26246,1726.19
303,관광펜션업,2019-01-09,,영업/정상,영업중,,58824,356.92
304,관광펜션업,2019-02-13,,영업/정상,영업중,,24666,175.82
305,관광펜션업,2019-03-05,,영업/정상,영업중,,33488,130.22
306,관광펜션업,2019-03-25,,영업/정상,영업중,,36054,229.52
307,관광펜션업,2022-04-25,,영업/정상,영업중,,36902,192.73
308,관광펜션업,2016-06-28,,영업/정상,영업중,,36404,995.18
309,관광펜션업,2006-07-18,,영업/정상,영업중,766-841,766-841,907
310,관광펜션업,2011-09-15,,영업/정상,영업중,766-823,36453,506.92
311,관광펜션업,2012-02-27,,영업/정상,영업중,766-853,766-853,1009.04
312,관광펜션업,2014-11-17,,영업/정상,영업중,766-853,36403,1226.97
313,관광펜션업,2017-11-08,,영업/정상,영업중,,36404,994.13
314,관광펜션업,2016-11-16,,영업/정상,영업중,,39309,1092
315,관광펜션업,2007-05-10,,영업/정상,영업중,742-961,37128,573.92
316,관광펜션업,2012-09-13,,영업/정상,영업중,780-170,38172,
317,관광펜션업,2014-04-03,,영업/정상,영업중,780-460,38200,225
318,관광펜션업,2014-08-26,,영업/정상,영업중,780-400,38127,453.2
319,관광펜션업,2012-04-17,,영업/정상,영업중,799-821,40211,132.78
320,관광펜션업,2013-03-13,,영업/정상,영업중,,40228,992.58
321,관광펜션업,2013-08-09,,영업/정상,영업중,,40227,77.23
322,관광펜션업,2013-10-11,,영업/정상,영업중,,40212,647.55
323,관광펜션업,2015-07-06,,영업/정상,영업중,799-803,40230,30.84
324,관광펜션업,2015-08-13,,영업/정상,영업중,,40205,531.12
325,관광펜션업,2015-12-01,,영업/정상,영업중,,40232,154.25
326,관광펜션업,2013-09-04,,영업/정상,영업중,,36347,
327,관광펜션업,2013-09-04,,영업/정상,영업중,,36347,
328,관광펜션업,2017-05-31,,영업/정상,영업중,,40232,549.26
329,관광펜션업,2017-06-08,,영업/정상,영업중,,40230,321.96
330,관광펜션업,2018-05-17,,영업/정상,영업중,,40220,322.14
331,관광펜션업,2014-07-21,,영업/정상,영업중,755-881,36264,176.84
332,관광펜션업,2010-05-17,,영업/정상,영업중,763-812,,730.05
333,관광펜션업,2015-06-18,,영업/정상,영업중,355-884,33501,128.48
334,관광펜션업,2009-12-28,,영업/정상,영업중,355-150,33489,344.52
335,관광펜션업,2010-10-20,,영업/정상,영업중,355-943,33489,317.98
336,관광펜션업,2011-03-14,,영업/정상,영업중,355-943,33489,379.76
337,관광펜션업,2011-07-20,,영업/정상,영업중,355-943,33489,393.36
338,관광펜션업,2011-12-07,,영업/정상,영업중,355-846,355-846,1155.59
339,관광펜션업,2012-07-17,,영업/정상,영업중,355-944,355-944,367.95
340,관광펜션업,2012-07-17,,영업/정상,영업중,355-944,33488,367.95
341,관광펜션업,2015-11-11,,영업/정상,영업중,,32626,
342,관광펜션업,2015-11-11,,영업/정상,영업중,,32620,
343,관광펜션업,2012-11-21,,영업/정상,영업중,355-943,33489,341.49
344,관광펜션업,2013-05-15,,영업/정상,영업중,355-943,33488,362.04
345,관광펜션업,2017-06-07,,영업/정상,영업중,,33028,980.9
346,관광펜션업,2012-11-21,,영업/정상,영업중,355-943,33489,370.98
347,관광펜션업,2013-07-01,,영업/정상,영업중,355-943,33489,317.08
348,관광펜션업,2013-07-02,,영업/정상,영업중,355-943,33488,391.08
349,관광펜션업,2014-07-16,,영업/정상,영업중,355-943,33488,
350,관광펜션업,2014-08-13,,영업/정상,영업중,355-884,33501,3100.72
351,관광펜션업,2014-08-25,,영업/정상,영업중,355-944,33488,934.17
352,관광펜션업,2015-04-06,,영업/정상,영업중,355-846,33411,389.85
353,관광펜션업,2015-04-06,,영업/정상,영업중,355-884,33501,128.48
354,관광펜션업,2015-05-06,,영업/정상,영업중,355-943,33488,368.55
355,관광펜션업,2015-10-06,,영업/정상,영업중,,12668,223.48
356,관광펜션업,2019-03-12,,영업/정상,영업중,,36054,228.94
357,관광펜션업,2019-02-26,,영업/정상,영업중,,52441,
358,관광펜션업,2019-04-16,,영업/정상,영업중,,59771,173.73
359,관광펜션업,2019-05-22,,영업/정상,영업중,,59569,212.41
360,관광펜션업,2019-05-22,,영업/정상,영업중,,59569,212.41
361,관광펜션업,2019-04-12,,영업/정상,영업중,,39848,249.11
362,관광펜션업,2004-08-16,,영업/정상,영업중,,23007,
363,관광펜션업,2019-05-17,,영업/정상,영업중,,53333,
364,관광펜션업,2019-05-16,,영업/정상,영업중,,12457,464.65
365,관광펜션업,2019-05-13,,영업/정상,영업중,,53081,
366,관광펜션업,2019-04-22,,영업/정상,영업중,,36755,0
367,관광펜션업,2019-05-16,,영업/정상,영업중,,27226,212.4
368,관광펜션업,2006-03-31,,영업/정상,영업중,252-801,24643,479.6
369,관광펜션업,2006-03-31,,영업/정상,영업중,252-841,24656,185.24
370,관광펜션업,2012-11-23,,영업/정상,영업중,252-803,24640,806
371,관광펜션업,2016-05-18,,영업/정상,영업중,,23117,763
372,관광펜션업,2017-04-11,,영업/정상,영업중,,23122,4848
373,관광펜션업,2017-05-16,,영업/정상,영업중,,23112,1649
374,관광펜션업,2017-09-29,,영업/정상,영업중,,23118,1949.58
375,관광펜션업,2015-01-26,,영업/정상,영업중,536-924,59065,235.5
376,관광펜션업,2016-03-17,,영업/정상,영업중,,56198,232.95
377,관광펜션업,2015-07-10,,영업/정상,영업중,325-893,33603,892.87
378,관광펜션업,2018-03-27,,영업/정상,영업중,,56338,
379,관광펜션업,2018-06-19,,영업/정상,영업중,,56342,
380,관광펜션업,2014-03-03,,영업/정상,영업중,,55805,503.64
381,관광펜션업,2014-03-21,,영업/정상,영업중,590-852,55805,275.7
382,관광펜션업,2014-03-31,,영업/정상,영업중,590-852,55805,191.18
383,관광펜션업,2014-04-25,,영업/정상,영업중,590-812,55802,1542
384,관광펜션업,2011-04-28,,영업/정상,영업중,568-811,,751.47
385,관광펜션업,2012-06-27,,영업/정상,영업중,568-814,55557,385.02
386,관광펜션업,2012-09-21,,영업/정상,영업중,579-851,56340,
387,관광펜션업,2012-10-18,,영업/정상,영업중,579-892,56341,188.39
388,관광펜션업,2015-06-30,,영업/정상,영업중,,56340,611.25
389,관광펜션업,2017-06-30,,영업/정상,영업중,,56340,134.08
390,관광펜션업,2017-06-30,,영업/정상,영업중,,56338,
391,관광펜션업,2017-07-03,,영업/정상,영업중,,56338,
392,관광펜션업,2017-07-03,,영업/정상,영업중,,56340,134.08
393,관광펜션업,2013-07-22,,영업/정상,영업중,,55557,
394,관광펜션업,2014-12-08,,영업/정상,영업중,568-811,55555,224.08
395,관광펜션업,2016-01-07,,영업/정상,영업중,,55555,393.36
396,관광펜션업,2018-03-13,,영업/정상,영업중,,55557,347.09
397,관광펜션업,2005-11-04,,영업/정상,영업중,568-823,55563,388.92
398,관광펜션업,2005-02-24,,영업/정상,영업중,568-814,,244.25
399,관광펜션업,2008-05-27,,영업/정상,영업중,568-814,568-814,519
400,관광펜션업,2009-11-02,,영업/정상,영업중,568-811,,697.11
401,관광펜션업,2009-06-02,,영업/정상,영업중,568-814,,299.82
402,관광펜션업,2010-03-30,,영업/정상,영업중,568-811,,575.16
403,관광펜션업,2010-03-30,,영업/정상,영업중,568-811,55555,366
404,관광펜션업,2011-04-18,,영업/정상,영업중,568-811,,487.12
405,관광펜션업,2011-04-19,,영업/정상,영업중,568-811,,1270.27
406,관광펜션업,2011-04-28,,영업/정상,영업중,,55555,705.6
407,관광펜션업,2016-01-14,,영업/정상,영업중,,55530,227.93
408,관광펜션업,2009-09-07,,영업/정상,영업중,413-876,10826,
409,관광펜션업,2018-01-23,,영업/정상,영업중,,17023,227.85
410,관광펜션업,2006-12-20,,영업/정상,영업중,487-851,,141.88
411,관광펜션업,2012-06-13,,영업/정상,영업중,487-851,11119,652.83
412,관광펜션업,2012-07-05,,영업/정상,영업중,487-912,11137,221.02
413,관광펜션업,2014-05-23,,영업/정상,영업중,487-873,11152,588.2
414,관광펜션업,2017-06-16,,영업/정상,영업중,,11185,148.44
415,관광펜션업,2004-10-29,,영업/정상,영업중,476-808,12547,763.7
416,관광펜션업,2016-04-20,,영업/정상,영업중,,12571,194.92
417,관광펜션업,2009-12-24,,영업/정상,영업중,476-801,,232.74
418,관광펜션업,2010-06-04,,영업/정상,영업중,476-852,,228.82
419,관광펜션업,2011-01-18,,영업/정상,영업중,482-812,11519,
420,관광펜션업,2011-04-27,,영업/정상,영업중,482-812,11519,
421,관광펜션업,2019-05-31,,영업/정상,영업중,,53273,
422,관광펜션업,2019-06-07,,영업/정상,영업중,,53080,
423,관광펜션업,2019-07-10,,영업/정상,영업중,,24465,259.93
424,관광펜션업,2019-07-29,,영업/정상,영업중,,33489,369
425,관광펜션업,2019-09-06,,영업/정상,영업중,,33488,393.32
426,관광펜션업,2019-09-02,,영업/정상,영업중,,52235,0
427,관광펜션업,2019-08-06,,영업/정상,영업중,,33489,390.42
428,관광펜션업,2019-08-06,,영업/정상,영업중,,37943,
429,관광펜션업,2019-07-25,,영업/정상,영업중,,32105,1211.43
430,관광펜션업,2019-07-09,,영업/정상,영업중,,53004,
431,관광펜션업,2019-08-19,,영업/정상,영업중,,53203,
432,관광펜션업,2019-07-05,,영업/정상,영업중,,33488,496.3
433,관광펜션업,2019-07-05,,영업/정상,영업중,,33488,359.52
434,관광펜션업,2022-04-14,,영업/정상,영업중,,53004,212.5
435,관광펜션업,2022-04-18,,영업/정상,영업중,,18553,559.91
436,관광펜션업,2006-10-17,,영업/정상,영업중,225-862,,149.22
437,관광펜션업,2008-01-28,,영업/정상,영업중,,25261,300.08
438,관광펜션업,2014-08-26,,영업/정상,영업중,,57550,
439,관광펜션업,2014-08-13,,영업/정상,영업중,545-821,57703,1566
440,관광펜션업,2017-09-14,,영업/정상,영업중,,57703,935.22
441,관광펜션업,2016-07-25,,영업/정상,영업중,,58228,370
442,관광펜션업,2014-08-19,,영업/정상,영업중,513-893,57068,561.04
443,관광펜션업,2016-05-23,,영업/정상,영업중,,57058,2996
444,관광펜션업,2016-11-01,,영업/정상,영업중,,58944,
445,관광펜션업,2012-06-14,,영업/정상,영업중,556-905,59774,581.99
446,관광펜션업,2012-05-16,,영업/정상,영업중,542-831,57601,126.62
447,관광펜션업,2012-05-23,,영업/정상,영업중,542-831,57601,142.59
448,관광펜션업,2014-04-28,,영업/정상,영업중,542-863,57623,
449,관광펜션업,2016-03-02,,영업/정상,영업중,,57660,123
450,관광펜션업,2012-12-14,,영업/정상,영업중,535-822,58807,215.59
451,관광펜션업,2013-12-23,,영업/정상,영업중,535-822,58807,119.3
452,관광펜션업,2014-02-06,,영업/정상,영업중,,58807,187.1
453,관광펜션업,2018-06-29,,영업/정상,영업중,,58834,484.44
454,관광펜션업,2011-08-10,,영업/정상,영업중,,59066,203.29
455,관광펜션업,2015-03-17,,영업/정상,영업중,,59047,448.74
456,관광펜션업,2015-11-03,,영업/정상,영업중,,59003,600.04
457,관광펜션업,2011-12-09,,영업/정상,영업중,526-801,58424,868.14
458,관광펜션업,2015-07-08,,영업/정상,영업중,526-851,58434,
459,관광펜션업,2017-02-10,,영업/정상,영업중,,59338,120.4
460,관광펜션업,2017-09-28,,영업/정상,영업중,,52406,183.31
461,관광펜션업,2019-08-09,,영업/정상,영업중,,53025,
462,관광펜션업,2019-07-12,,영업/정상,영업중,,24765,
463,관광펜션업,2019-08-21,,영업/정상,영업중,,56342,303.36
464,관광펜션업,2019-09-08,,영업/정상,영업중,,37943,
465,관광펜션업,2019-12-16,,영업/정상,영업중,,53332,118.55
466,관광펜션업,2019-10-14,,영업/정상,영업중,,52115,
467,관광펜션업,2019-12-02,,영업/정상,영업중,,22393,0
468,관광펜션업,2019-12-02,,영업/정상,영업중,,52441,198.9
469,관광펜션업,2019-12-02,,영업/정상,영업중,,52441,196.65
470,관광펜션업,2019-10-10,,영업/정상,영업중,,38321,1356
471,관광펜션업,2019-12-05,,영업/정상,영업중,,25100,69.36
472,관광펜션업,2019-12-05,,영업/정상,영업중,,25100,54.42
473,관광펜션업,2019-12-05,,영업/정상,영업중,,25100,54.3
474,관광펜션업,2019-12-05,,영업/정상,영업중,,25100,76.72
475,관광펜션업,2019-12-05,,영업/정상,영업중,,25100,76.36
476,관광펜션업,2019-12-24,,영업/정상,영업중,,52241,0
477,관광펜션업,2019-12-26,,영업/정상,영업중,,33502,276.06
478,관광펜션업,2019-10-15,,영업/정상,영업중,,36997,191.96
479,관광펜션업,2019-11-29,,영업/정상,영업중,,45008,345.66
480,관광펜션업,2019-11-29,,영업/정상,영업중,,45008,281.1
481,관광펜션업,2019-10-04,,영업/정상,영업중,,17163,
482,관광펜션업,2019-11-12,,영업/정상,영업중,,58424,
483,관광펜션업,2019-11-19,,영업/정상,영업중,,33489,385.2
484,관광펜션업,2019-10-20,,영업/정상,영업중,,53334,
485,관광펜션업,2019-10-23,,영업/정상,영업중,,25459,397.72
486,관광펜션업,2019-11-27,,영업/정상,영업중,,25042,
487,관광펜션업,2019-11-22,,영업/정상,영업중,,52441,862.2
488,관광펜션업,2022-02-11,,영업/정상,영업중,,25044,167
489,관광펜션업,2022-01-28,,영업/정상,영업중,,38368,172.78
490,관광펜션업,2022-01-28,,영업/정상,영업중,,38368,412.64
491,관광펜션업,2022-03-29,,영업/정상,영업중,,53202,0
492,관광펜션업,2022-03-29,,영업/정상,영업중,,53202,0
493,관광펜션업,2022-03-29,,영업/정상,영업중,,53202,0
494,관광펜션업,2022-03-29,,영업/정상,영업중,,53202,0
495,관광펜션업,2022-03-14,,영업/정상,영업중,,25103,1595.29
496,관광펜션업,2022-02-23,,영업/정상,영업중,,25442,0
497,관광펜션업,2022-02-09,,영업/정상,영업중,,25435,0
498,관광펜션업,2022-02-03,,영업/정상,영업중,,,206.69
499,관광펜션업,2022-02-04,,영업/정상,영업중,,56339,614
500,관광펜션업,2022-02-14,,영업/정상,영업중,,18553,40.5
501,관광펜션업,2010-06-25,,영업/정상,영업중,650-923,,358.14
502,관광펜션업,2011-07-07,,영업/정상,영업중,650-942,,
503,관광펜션업,2010-08-10,,영업/정상,영업중,650-943,,
504,관광펜션업,2010-09-09,,영업/정상,영업중,650-831,,
505,관광펜션업,2011-10-21,,영업/정상,영업중,650-942,,
506,관광펜션업,2012-08-02,,영업/정상,영업중,650-836,53017,
507,관광펜션업,2012-08-02,,영업/정상,영업중,650-836,53017,
508,관광펜션업,2012-12-31,,영업/정상,영업중,650-838,53029,
509,관광펜션업,2008-08-01,,영업/정상,영업중,220-824,26357,218.45
510,관광펜션업,2015-05-12,,영업/정상,영업중,689-823,44909,705
511,관광펜션업,2015-11-05,,영업/정상,영업중,,44909,1408
512,관광펜션업,2017-07-20,,영업/정상,영업중,,36404,1825.99
513,관광펜션업,2015-06-24,,영업/정상,영업중,766-822,36453,337.57
514,관광펜션업,2014-08-02,,영업/정상,영업중,,58027,229.28
515,관광펜션업,2015-06-05,,영업/정상,영업중,540-290,58027,343.3
516,관광펜션업,2004-11-15,,영업/정상,영업중,546-804,59448,495.71
517,관광펜션업,2011-06-21,,영업/정상,영업중,,59471,164.69
518,관광펜션업,2015-08-24,,영업/정상,영업중,,58027,323.62
519,관광펜션업,2016-11-04,,영업/정상,영업중,,58025,463.56
520,관광펜션업,2018-07-25,,영업/정상,영업중,,59400,119.24
521,관광펜션업,2014-05-27,,영업/정상,영업중,,59566,585.9
522,관광펜션업,2018-01-08,,영업/정상,영업중,,59566,
523,관광펜션업,2018-01-24,,영업/정상,영업중,,59566,115.29
524,관광펜션업,2018-03-30,,영업/정상,영업중,,59565,686.76
525,관광펜션업,2010-06-07,,영업/정상,영업중,534-832,58557,336.41
526,관광펜션업,2012-07-02,,영업/정상,영업중,534-851,58534,1667.5
527,관광펜션업,2012-12-18,,영업/정상,영업중,,58541,197.69
528,관광펜션업,2017-11-01,,영업/정상,영업중,,58557,415.66
529,관광펜션업,2011-09-20,,영업/정상,영업중,,,2568.04
530,관광펜션업,2015-07-15,,영업/정상,영업중,527-813,59201,82.79
531,관광펜션업,2011-04-07,,영업/정상,영업중,,59136,800
532,관광펜션업,2011-11-07,,영업/정상,영업중,537-863,59146,300.48
533,관광펜션업,2016-09-23,,영업/정상,영업중,,59146,293.78
534,관광펜션업,2016-11-17,,영업/정상,영업중,,59160,
535,관광펜션업,2017-08-03,,영업/정상,영업중,,59106,132.84
536,관광펜션업,2017-11-22,,영업/정상,영업중,,59162,
537,관광펜션업,2017-03-07,,영업/정상,영업중,,18553,323.54
538,관광펜션업,2017-07-14,,영업/정상,영업중,,18553,285.2
539,관광펜션업,2017-08-10,,영업/정상,영업중,,18553,412.49
540,관광펜션업,2017-08-10,,영업/정상,영업중,,18553,320.64
541,관광펜션업,2017-09-07,,영업/정상,영업중,,18553,341.7
542,관광펜션업,2019-04-25,,영업/정상,영업중,,18553,298.15
543,관광펜션업,2019-04-26,,영업/정상,영업중,,18553,492.69
544,관광펜션업,2019-04-26,,영업/정상,영업중,,18553,582.65
545,관광펜션업,2019-07-23,,영업/정상,영업중,,18553,97.88
546,관광펜션업,2019-11-27,,영업/정상,영업중,,18553,236.65
547,관광펜션업,2020-02-04,,영업/정상,영업중,,18553,239.8
548,관광펜션업,2020-06-08,,영업/정상,영업중,,18553,179.09
549,관광펜션업,2020-07-24,,영업/정상,영업중,,18553,475.08
550,관광펜션업,2020-07-28,,영업/정상,영업중,,18553,139.88
551,관광펜션업,2017-08-14,,영업/정상,영업중,,18553,393.12
552,관광펜션업,2017-10-18,,영업/정상,영업중,,18553,685.34
553,관광펜션업,2017-11-30,,영업/정상,영업중,,18553,445.35
554,관광펜션업,2017-12-08,,영업/정상,영업중,,18553,245.07
555,관광펜션업,2018-10-04,,영업/정상,영업중,,18553,1288.91
556,관광펜션업,2018-10-04,,영업/정상,영업중,,18553,106.3
557,관광펜션업,2018-10-08,,영업/정상,영업중,,18553,789.76
558,관광펜션업,2018-03-16,,영업/정상,영업중,,18553,326.18
559,관광펜션업,2018-04-24,,영업/정상,영업중,,18553,238.28
560,관광펜션업,2018-04-26,,영업/정상,영업중,,18553,394.56
561,관광펜션업,2018-06-14,,영업/정상,영업중,,18553,534.33
562,관광펜션업,2018-07-09,,영업/정상,영업중,,18553,344.7
563,관광펜션업,2018-09-18,,영업/정상,영업중,,18553,185.25
564,관광펜션업,2018-10-04,,영업/정상,영업중,,18553,668.02
565,관광펜션업,2018-10-18,,영업/정상,영업중,,18553,479.03
566,관광펜션업,2018-11-23,,영업/정상,영업중,,18553,300.03
567,관광펜션업,2018-11-23,,영업/정상,영업중,,18553,82.65
568,관광펜션업,2018-11-26,,영업/정상,영업중,,18553,126.36
569,관광펜션업,2018-11-26,,영업/정상,영업중,,18553,87.12
570,관광펜션업,2018-12-18,,영업/정상,영업중,,18553,262.08
571,관광펜션업,2018-12-18,,영업/정상,영업중,,18553,291.14
572,관광펜션업,2019-02-14,,영업/정상,영업중,,18553,354.27
573,관광펜션업,2020-02-17,,영업/정상,영업중,,18553,81.15
574,관광펜션업,2020-04-16,,영업/정상,영업중,,18553,207.15
575,관광펜션업,2020-05-29,,영업/정상,영업중,,18553,346.72
576,관광펜션업,2017-09-21,,영업/정상,영업중,,18553,355.56
577,관광펜션업,2020-02-25,,영업/정상,영업중,,32626,1754.22
578,관광펜션업,2020-02-25,,영업/정상,영업중,,32592,177.47
579,관광펜션업,2020-01-21,,영업/정상,영업중,,52410,
580,관광펜션업,2020-03-24,,영업/정상,영업중,,32108,
581,관광펜션업,2020-02-26,,영업/정상,영업중,,58844,96.5
582,관광펜션업,2020-01-10,,영업/정상,영업중,,24902,189
583,관광펜션업,2020-03-09,,영업/정상,영업중,,32152,2314
584,관광펜션업,2020-03-09,,영업/정상,영업중,,32626,456.05
585,관광펜션업,2020-01-10,,영업/정상,영업중,,25054,194.23
586,관광펜션업,2020-03-25,,영업/정상,영업중,,12578,99.14
587,관광펜션업,2020-03-06,,영업/정상,영업중,,33406,229.14
588,관광펜션업,2020-01-23,,영업/정상,영업중,,53029,111.62
589,관광펜션업,2020-03-04,,영업/정상,영업중,,37928,
590,관광펜션업,2020-01-28,,영업/정상,영업중,,37510,
591,관광펜션업,2020-01-22,,영업/정상,영업중,,23111,625
592,관광펜션업,2021-12-28,,영업/정상,영업중,,18553,698.32
593,관광펜션업,2022-01-11,,영업/정상,영업중,,38361,511.84
594,관광펜션업,2022-01-17,,영업/정상,영업중,,32406,489.39
595,관광펜션업,2022-01-14,,영업/정상,영업중,,27842,154.39
596,관광펜션업,2021-12-27,,영업/정상,영업중,,56005,769.2
597,관광펜션업,2021-12-31,,영업/정상,영업중,,59621,0
598,관광펜션업,2021-12-31,,영업/정상,영업중,,25103,425.82
599,관광펜션업,2023-04-24,,영업/정상,영업중,,52402,0
600,관광펜션업,2023-04-10,,영업/정상,영업중,,12526,0
601,관광펜션업,2023-04-24,,영업/정상,영업중,,56211,90.2
602,관광펜션업,2023-04-19,,영업/정상,영업중,,39855,458
603,관광펜션업,2023-04-25,,영업/정상,영업중,,52402,0
604,관광펜션업,2023-04-21,,영업/정상,영업중,,12443,196.83
605,관광펜션업,2023-04-05,,영업/정상,영업중,,32622,124.78
606,관광펜션업,2023-04-12,,영업/정상,영업중,,36453,2086
607,관광펜션업,2023-04-27,,영업/정상,영업중,,29059,0
608,관광펜션업,2023-04-27,,영업/정상,영업중,,29059,0
609,관광펜션업,2023-04-12,,영업/정상,영업중,,12447,0
610,관광펜션업,2023-04-27,,영업/정상,영업중,,52436,0
611,관광펜션업,2023-04-26,,영업/정상,영업중,,25704,88.37
612,관광펜션업,2010-01-13,,영업/정상,영업중,656-891,,227.98
613,관광펜션업,2010-01-13,,영업/정상,영업중,,53329,228.78
614,관광펜션업,2010-01-13,,영업/정상,영업중,656-891,,229.35
615,관광펜션업,2010-09-30,,영업/정상,영업중,656-891,,216.5
616,관광펜션업,2011-08-19,,영업/정상,영업중,656-891,,246.61
617,관광펜션업,2011-10-07,,영업/정상,영업중,656-852,53332,358.61
618,관광펜션업,2012-07-27,,영업/정상,영업중,656-833,656-833,226.43
619,관광펜션업,2012-10-04,,영업/정상,영업중,,24026,648.49
620,관광펜션업,2016-03-07,,영업/정상,영업중,,24058,566
621,관광펜션업,2018-05-17,,영업/정상,영업중,,24058,226.87
622,관광펜션업,2018-05-17,,영업/정상,영업중,,24058,226.87
623,관광펜션업,2006-06-19,,영업/정상,영업중,233-851,,112.15
624,관광펜션업,2017-02-17,,영업/정상,영업중,,26146,
625,관광펜션업,2017-02-27,,영업/정상,영업중,,26104,
626,관광펜션업,2017-08-18,,영업/정상,영업중,,26124,
627,관광펜션업,2018-06-18,,영업/정상,영업중,,25938,456
628,관광펜션업,2005-01-31,,영업/정상,영업중,250-875,,185.02
629,관광펜션업,2005-09-26,,영업/정상,영업중,250-856,,245.62
630,관광펜션업,2006-02-15,,영업/정상,영업중,,25101,232
631,관광펜션업,2014-09-03,,영업/정상,영업중,245-903,25952,1933
632,관광펜션업,2017-05-25,,영업/정상,영업중,,25903,120.64
633,관광펜션업,2004-06-21,,영업/정상,영업중,250-856,,376.02
634,관광펜션업,2006-07-04,,영업/정상,영업중,250-882,,531
635,관광펜션업,2007-11-27,,영업/정상,영업중,250-856,,251
636,관광펜션업,2011-11-15,,영업/정상,영업중,250-812,25159,98.13
637,관광펜션업,2012-05-24,,영업/정상,영업중,250-881,25116,198.74
638,관광펜션업,2018-08-02,,영업/정상,영업중,,59400,182.28
639,관광펜션업,2018-07-30,,영업/정상,영업중,,33488,370.44
640,관광펜션업,2018-07-31,,영업/정상,영업중,,33488,383.55
641,관광펜션업,2011-07-08,,영업/정상,영업중,790-811,,226.48
642,관광펜션업,2012-07-26,,영업/정상,영업중,791-921,37518,313.09
643,관광펜션업,2012-08-06,,영업/정상,영업중,791-921,37518,
644,관광펜션업,2015-12-04,,영업/정상,영업중,,37929,
645,관광펜션업,2016-11-30,,영업/정상,영업중,,37511,
646,관광펜션업,2018-08-31,,영업/정상,영업중,,23118,631.23
647,관광펜션업,2011-05-27,,영업/정상,영업중,,25005,
648,관광펜션업,2011-09-16,,영업/정상,영업중,,25038,2224
649,관광펜션업,2012-04-04,,영업/정상,영업중,215-851,25005,
650,관광펜션업,2013-05-28,,영업/정상,영업중,215-853,25006,467.03
651,관광펜션업,2017-04-17,,영업/정상,영업중,,25042,
652,관광펜션업,2018-01-16,,영업/정상,영업중,,25011,229.86
653,관광펜션업,2007-07-19,,영업/정상,영업중,,25046,245.12
654,관광펜션업,2008-04-29,,영업/정상,영업중,,25046,602.97
655,관광펜션업,2010-08-10,,영업/정상,영업중,,25047,2935.12
656,관광펜션업,2018-08-27,,영업/정상,영업중,,55563,389.4
657,관광펜션업,2020-03-19,,영업/정상,영업중,,52441,
658,관광펜션업,2020-03-30,,영업/정상,영업중,,59472,196.8
659,관광펜션업,2020-04-06,,영업/정상,영업중,,17170,1044.95
660,관광펜션업,2020-04-07,,영업/정상,영업중,,53086,222.15
661,관광펜션업,2020-04-08,,영업/정상,영업중,,59001,548.96
662,관광펜션업,2020-04-21,,영업/정상,영업중,,58820,597.24
663,관광펜션업,2020-04-03,,영업/정상,영업중,,37512,
664,관광펜션업,2020-04-03,,영업/정상,영업중,,37512,
665,관광펜션업,2020-04-03,,영업/정상,영업중,,37512,
666,관광펜션업,2020-04-03,,영업/정상,영업중,,37512,
667,관광펜션업,2020-06-01,,영업/정상,영업중,,53334,
668,관광펜션업,2020-06-02,,영업/정상,영업중,,33489,398.8
669,관광펜션업,2020-04-14,,영업/정상,영업중,,53011,162.92
670,관광펜션업,2020-04-14,,영업/정상,영업중,,53063,199.17
671,관광펜션업,2020-05-25,,영업/정상,영업중,,26504,0
672,관광펜션업,2021-11-30,,영업/정상,영업중,,59143,901
673,관광펜션업,2021-10-13,,영업/정상,영업중,,24460,161.4
674,관광펜션업,2021-11-15,,영업/정상,영업중,,25461,0
675,관광펜션업,2021-11-15,,영업/정상,영업중,,25461,0
676,관광펜션업,2021-10-22,,영업/정상,영업중,,57551,0
677,관광펜션업,2021-10-27,,영업/정상,영업중,,59521,0
678,관광펜션업,2021-10-19,,영업/정상,영업중,,12527,509.4
679,관광펜션업,2021-10-21,,영업/정상,영업중,,59146,94.6
680,관광펜션업,2021-12-02,,영업/정상,영업중,,23117,453
681,관광펜션업,2021-09-30,,영업/정상,영업중,,52545,2828
682,관광펜션업,2021-11-11,,영업/정상,영업중,,18553,352.99
683,관광펜션업,2021-09-30,,영업/정상,영업중,,24752,0
684,관광펜션업,2021-11-04,,영업/정상,영업중,,38128,229.7
685,관광펜션업,2021-09-30,,영업/정상,영업중,,26357,441.48
686,관광펜션업,2023-03-06,,영업/정상,영업중,,53003,219.4
687,관광펜션업,2023-03-06,,영업/정상,영업중,,25252,0
688,관광펜션업,2023-02-14,,영업/정상,영업중,,24762,0
689,관광펜션업,2023-03-30,,영업/정상,영업중,,26205,220.87
690,관광펜션업,2023-03-23,,영업/정상,영업중,,53084,196.56
691,관광펜션업,2023-03-30,,영업/정상,영업중,,36622,65.96
692,관광펜션업,2023-03-29,,영업/정상,영업중,,48098,0
693,관광펜션업,2023-02-10,,영업/정상,영업중,,59567,193.34
694,관광펜션업,2023-03-16,,영업/정상,영업중,,12448,0
695,관광펜션업,2023-03-03,,영업/정상,영업중,,27028,97.76
696,관광펜션업,2023-02-16,,영업/정상,영업중,,25400,277.25
697,관광펜션업,2023-03-03,,영업/정상,영업중,,38348,98.34
698,관광펜션업,2023-03-17,,영업/정상,영업중,,12457,125.35
699,관광펜션업,2023-03-28,,영업/정상,영업중,,12432,699.67
700,관광펜션업,2023-03-28,,영업/정상,영업중,,32749,51.54
701,관광펜션업,2023-03-28,,영업/정상,영업중,,53004,226.17
702,관광펜션업,2023-03-28,,영업/정상,영업중,,53004,229.6
703,관광펜션업,2023-02-07,,영업/정상,영업중,,38123,223.1
704,관광펜션업,2023-03-29,,영업/정상,영업중,,27106,0
705,관광펜션업,2023-02-24,,영업/정상,영업중,,23051,89
706,관광펜션업,2023-03-22,,영업/정상,영업중,,25435,249.06
707,관광펜션업,2023-02-17,,영업/정상,영업중,,23117,937.57
708,관광펜션업,2023-02-03,,영업/정상,영업중,,53283,0
709,관광펜션업,2023-02-03,,영업/정상,영업중,,53283,0
710,관광펜션업,2023-02-03,,영업/정상,영업중,,53283,0
711,관광펜션업,2010-03-19,,영업/정상,영업중,,52450,181.23
712,관광펜션업,2016-04-20,,영업/정상,영업중,,52410,229.63
713,관광펜션업,2017-07-28,,영업/정상,영업중,,52446,225.07
714,관광펜션업,2018-02-22,,영업/정상,영업중,,52410,215.69
715,관광펜션업,2018-05-10,,영업/정상,영업중,,52436,524
716,관광펜션업,2018-07-04,,영업/정상,영업중,,52436,302.1
717,관광펜션업,2018-07-04,,영업/정상,영업중,,52436,302.1
718,관광펜션업,2018-07-10,,영업/정상,영업중,,52434,437.13
719,관광펜션업,2018-07-11,,영업/정상,영업중,,52434,
720,관광펜션업,2018-07-24,,영업/정상,영업중,,52434,222.66
721,관광펜션업,2017-08-01,,영업/정상,영업중,,53326,
722,관광펜션업,2017-12-27,,영업/정상,영업중,,53329,
723,관광펜션업,2017-08-01,,영업/정상,영업중,,53202,
724,관광펜션업,2018-06-01,,영업/정상,영업중,,53203,
725,관광펜션업,2018-06-01,,영업/정상,영업중,,53203,
726,관광펜션업,2014-12-19,,영업/정상,영업중,664-826,664-826,322.2
727,관광펜션업,2015-05-19,,영업/정상,영업중,664-250,52571,399.6
728,관광펜션업,2015-07-30,,영업/정상,영업중,664-826,52545,860.83
729,관광펜션업,2016-09-05,,영업/정상,영업중,,52545,142.76
730,관광펜션업,2013-12-02,,영업/정상,영업중,650-943,53086,247.91
731,관광펜션업,2014-10-28,,영업/정상,영업중,650-814,53004,
732,관광펜션업,2014-12-04,,영업/정상,영업중,650-838,53029,
733,관광펜션업,2016-07-01,,영업/정상,영업중,,53085,
734,관광펜션업,2016-08-17,,영업/정상,영업중,,53087,358
735,관광펜션업,2016-10-26,,영업/정상,영업중,,53063,
736,관광펜션업,2018-06-05,,영업/정상,영업중,,53003,
737,관광펜션업,2018-06-11,,영업/정상,영업중,,53063,
738,관광펜션업,2018-07-23,,영업/정상,영업중,,24114,171.13
739,관광펜션업,2018-07-23,,영업/정상,영업중,,24114,171.13
740,관광펜션업,2006-02-01,,영업/정상,영업중,232-924,,313
741,관광펜션업,2006-12-13,,영업/정상,영업중,232-921,,990
742,관광펜션업,2008-01-10,,영업/정상,영업중,232-924,,1376.41
743,관광펜션업,2008-04-29,,영업/정상,영업중,232-811,,196.15
744,관광펜션업,2009-03-26,,영업/정상,영업중,232-942,,128.49
745,관광펜션업,2012-08-06,,영업/정상,영업중,232-924,25310,451.7
746,관광펜션업,2013-06-15,,영업/정상,영업중,250-812,25159,229
747,관광펜션업,2017-10-20,,영업/정상,영업중,,25165,735.56
748,관광펜션업,2015-05-28,,영업/정상,영업중,250-852,25103,240.92
749,관광펜션업,2016-06-02,,영업/정상,영업중,,25152,230
750,관광펜션업,2016-08-19,,영업/정상,영업중,,25103,355.35
751,관광펜션업,2012-07-30,,영업/정상,영업중,250-812,25159,581.1
752,관광펜션업,2005-01-12,,영업/정상,영업중,210-863,,
753,관광펜션업,2010-11-03,,영업/정상,영업중,210-863,,3131
754,관광펜션업,2015-06-11,,영업/정상,영업중,210-380,25459,
755,관광펜션업,2013-11-07,,영업/정상,영업중,219-833,24764,
756,관광펜션업,2013-12-19,,영업/정상,영업중,219-833,24758,
757,관광펜션업,2018-02-28,,영업/정상,영업중,,24756,
758,관광펜션업,2018-03-19,,영업/정상,영업중,,24731,387.33
759,관광펜션업,2020-08-03,,영업/정상,영업중,,36611,291
760,관광펜션업,2020-06-22,,영업/정상,영업중,,55557,
761,관광펜션업,2020-06-29,,영업/정상,영업중,,24464,198.63
762,관광펜션업,2020-07-03,,영업/정상,영업중,,59419,159
763,관광펜션업,2020-07-29,,영업/정상,영업중,,12505,659
764,관광펜션업,2020-08-14,,영업/정상,영업중,,38126,446.48
765,관광펜션업,2020-08-07,,영업/정상,영업중,,18553,410.29
766,관광펜션업,2020-08-07,,영업/정상,영업중,,33488,349.23
767,관광펜션업,2020-07-20,,영업/정상,영업중,,37928,0
768,관광펜션업,2020-07-22,,영업/정상,영업중,,53086,222.02
769,관광펜션업,2020-07-30,,영업/정상,영업중,,25047,704.11
770,관광펜션업,2020-08-12,,영업/정상,영업중,,18553,375.46
771,관광펜션업,2021-07-23,,영업/정상,영업중,,33344,0
772,관광펜션업,2021-04-30,,영업/정상,영업중,,36403,291.73
773,관광펜션업,2021-07-21,,영업/정상,영업중,,38210,138.74
774,관광펜션업,2021-09-02,,영업/정상,영업중,,54000,0
775,관광펜션업,2021-08-27,,영업/정상,영업중,,52434,198.74
776,관광펜션업,2018-12-28,,영업/정상,영업중,,58939,547.56
777,관광펜션업,2021-09-01,,영업/정상,영업중,,37928,0
778,관광펜션업,2021-09-01,,영업/정상,영업중,,37928,0
779,관광펜션업,2022-11-20,,영업/정상,영업중,,38210,217.2
780,관광펜션업,2023-01-13,,영업/정상,영업중,,58541,57.07
781,관광펜션업,2023-01-16,,영업/정상,영업중,,59200,0
782,관광펜션업,2023-01-16,,영업/정상,영업중,,36453,0
783,관광펜션업,2022-12-21,,영업/정상,영업중,,52436,0
784,관광펜션업,2023-01-18,,영업/정상,영업중,,31937,0
785,관광펜션업,2022-12-13,,영업/정상,영업중,,57204,1464.88
786,관광펜션업,2022-12-13,,영업/정상,영업중,,12431,0
787,관광펜션업,2022-12-29,,영업/정상,영업중,,23061,182.93
788,관광펜션업,2022-12-22,,영업/정상,영업중,,52545,1315
789,관광펜션업,2022-11-16,,영업/정상,영업중,,38219,191.85
790,관광펜션업,2022-11-16,,영업/정상,영업중,,38219,189.85
791,관광펜션업,2022-11-16,,영업/정상,영업중,,38219,152.06
792,관광펜션업,2022-11-16,,영업/정상,영업중,,38210,74.11
793,관광펜션업,2022-12-06,,영업/정상,영업중,,17408,0
794,관광펜션업,2023-01-15,,영업/정상,영업중,,12468,0
795,관광펜션업,2023-01-10,,영업/정상,영업중,,24464,0
796,관광펜션업,2023-01-11,,영업/정상,영업중,,44233,0
797,관광펜션업,2022-12-30,,영업/정상,영업중,,40232,120.5
798,관광펜션업,2021-05-25,,영업/정상,영업중,,57311,134.05
799,관광펜션업,2021-05-28,,영업/정상,영업중,,33026,0
800,관광펜션업,2021-05-17,,영업/정상,영업중,,55555,
801,관광펜션업,2021-05-11,,영업/정상,영업중,,23127,461.08
802,관광펜션업,2021-06-03,,영업/정상,영업중,,53087,219
803,관광펜션업,2021-04-26,,영업/정상,영업중,,58508,1045.28
804,관광펜션업,2021-05-04,,영업/정상,영업중,,59564,
805,관광펜션업,2021-04-30,,영업/정상,영업중,,25103,563
806,관광펜션업,2021-05-20,,영업/정상,영업중,,56337,993.88
807,관광펜션업,2021-06-10,,영업/정상,영업중,,25466,177.9
808,관광펜션업,2021-06-10,,영업/정상,영업중,,54000,
809,관광펜션업,2021-07-02,,영업/정상,영업중,,52455,363.72
810,관광펜션업,2021-06-18,,영업/정상,영업중,,55557,
811,관광펜션업,2021-06-01,,영업/정상,영업중,,53205,
812,관광펜션업,2021-06-11,,영업/정상,영업중,,24904,282.18
813,관광펜션업,2014-11-10,,영업/정상,영업중,666-963,52262,0
814,관광펜션업,2004-08-02,,영업/정상,영업중,627-822,50418,542.97
815,관광펜션업,2007-09-11,,영업/정상,영업중,627-822,50418,
816,관광펜션업,2017-01-20,,영업/정상,영업중,,52954,246
817,관광펜션업,2005-10-27,,영업/정상,영업중,656-891,,337.35
818,관광펜션업,2005-12-30,,영업/정상,영업중,656-891,,268.32
819,관광펜션업,2006-08-07,,영업/정상,영업중,656-891,,492.46
820,관광펜션업,2007-03-08,,영업/정상,영업중,668-833,52441,1001.06
821,관광펜션업,2008-11-14,,영업/정상,영업중,,52409,228.75
822,관광펜션업,2010-03-19,,영업/정상,영업중,,52451,384
823,관광펜션업,2018-03-28,,영업/정상,영업중,,10000,
824,관광펜션업,2018-09-28,,영업/정상,영업중,,32523,199.23
825,관광펜션업,2018-09-28,,영업/정상,영업중,,32523,150.66
826,관광펜션업,2018-09-12,,영업/정상,영업중,,58424,199
827,관광펜션업,2018-09-12,,영업/정상,영업중,,58420,208.25
828,관광펜션업,2018-09-08,,영업/정상,영업중,,32166,1362.35
829,관광펜션업,2018-09-28,,영업/정상,영업중,,32523,140.35
830,관광펜션업,2020-09-10,,영업/정상,영업중,,24460,157.63
831,관광펜션업,2020-09-14,,영업/정상,영업중,,25435,
832,관광펜션업,2020-09-22,,영업/정상,영업중,,53330,
833,관광펜션업,2020-10-20,,영업/정상,영업중,,32158,
834,관광펜션업,2020-10-20,,영업/정상,영업중,,32152,
835,관광펜션업,2020-10-26,,영업/정상,영업중,,55555,381
836,관광펜션업,2020-10-26,,영업/정상,영업중,,55557,199.21
837,관광펜션업,2020-10-26,,영업/정상,영업중,,55555,575.16
838,관광펜션업,2020-11-03,,영업/정상,영업중,,50215,439.5
839,관광펜션업,2020-11-16,,영업/정상,영업중,,32123,573.65
840,관광펜션업,2022-10-13,,영업/정상,영업중,,12038,280
841,관광펜션업,2022-09-26,,영업/정상,영업중,,53103,450.24
842,관광펜션업,2022-11-09,,영업/정상,영업중,,25938,193.08
843,관광펜션업,2022-10-11,,영업/정상,영업중,,55413,0
844,관광펜션업,2022-11-04,,영업/정상,영업중,,58130,64.24
845,관광펜션업,2022-11-04,,영업/정상,영업중,,52438,182
846,관광펜션업,2022-11-03,,영업/정상,영업중,,58930,43.42
847,관광펜션업,2022-10-06,,영업/정상,영업중,,36425,0
848,관광펜션업,2022-09-05,,영업/정상,영업중,,38128,223.9
849,관광펜션업,2022-09-15,,영업/정상,영업중,,36923,185.59
850,관광펜션업,2022-09-18,,영업/정상,영업중,,36923,205.2
851,관광펜션업,2022-10-20,,영업/정상,영업중,,52545,586
852,관광펜션업,2022-10-24,,영업/정상,영업중,,39855,0
853,관광펜션업,2022-11-09,,영업/정상,영업중,,25111,194.95
854,관광펜션업,2022-11-09,,영업/정상,영업중,,25111,228.16
855,관광펜션업,2021-04-12,,영업/정상,영업중,,32160,217.51
856,관광펜션업,2021-04-12,,영업/정상,영업중,,23051,
857,관광펜션업,2021-04-12,,영업/정상,영업중,,23061,
858,관광펜션업,2021-03-14,,영업/정상,영업중,,32592,195.35
859,관광펜션업,2021-03-08,,영업/정상,영업중,,57623,113.46
860,관광펜션업,2021-04-23,,영업/정상,영업중,,36919,
861,관광펜션업,2021-02-17,,영업/정상,영업중,,53083,228.86
862,관광펜션업,2021-02-15,,영업/정상,영업중,,50103,988.13
863,관광펜션업,2021-03-16,,영업/정상,영업중,,32501,280
864,관광펜션업,2021-03-16,,영업/정상,영업중,,52437,685.38
865,관광펜션업,2021-02-04,,영업/정상,영업중,,25372,322.72
866,관광펜션업,2021-04-05,,영업/정상,영업중,,23061,
867,관광펜션업,2021-04-05,,영업/정상,영업중,,23061,
868,관광펜션업,2021-04-01,,영업/정상,영업중,,59470,199.44
869,관광펜션업,2021-04-01,,영업/정상,영업중,,59470,199.44
870,관광펜션업,2021-04-01,,영업/정상,영업중,,59470,199.44
871,관광펜션업,2021-03-18,,영업/정상,영업중,,38334,96.6
872,관광펜션업,2021-03-18,,영업/정상,영업중,,36987,103.11
873,관광펜션업,2021-03-19,,영업/정상,영업중,,27215,224.35
874,관광펜션업,2021-03-26,,영업/정상,영업중,,38127,198.86
875,관광펜션업,2021-03-26,,영업/정상,영업중,,38127,173.66
876,관광펜션업,2021-04-20,,영업/정상,영업중,,46084,
877,관광펜션업,2016-12-20,,영업/정상,영업중,,12037,
878,관광펜션업,2005-08-17,,영업/정상,영업중,477-811,12455,565.55
879,관광펜션업,2006-10-16,,영업/정상,영업중,477-811,12456,848.68
880,관광펜션업,2010-08-05,,영업/정상,영업중,,12431,652.75
881,관광펜션업,2012-09-04,,영업/정상,영업중,477-814,12449,536.6
882,관광펜션업,2012-10-11,,영업/정상,영업중,477-854,12459,229.67
883,관광펜션업,2017-03-09,,영업/정상,영업중,,12425,1963
884,관광펜션업,2017-09-14,,영업/정상,영업중,,12455,133.37
885,관광펜션업,2018-01-19,,영업/정상,영업중,,12473,
886,관광펜션업,2018-08-02,,영업/정상,영업중,,56342,
887,관광펜션업,2018-10-04,,영업/정상,영업중,,22393,965.08
888,관광펜션업,2018-10-26,,영업/정상,영업중,,33489,495.63
889,관광펜션업,2018-10-08,,영업/정상,영업중,,53081,214.31
890,관광펜션업,2018-10-26,,영업/정상,영업중,,32160,390.02
891,관광펜션업,2018-10-26,,영업/정상,영업중,,32160,283.14
892,관광펜션업,2018-10-26,,영업/정상,영업중,,32160,434.37
893,관광펜션업,2022-07-27,,영업/정상,영업중,,23062,271.37
894,관광펜션업,2022-08-10,,영업/정상,영업중,,25169,195.58
895,관광펜션업,2022-08-10,,영업/정상,영업중,,32165,0
896,관광펜션업,2022-07-04,,영업/정상,영업중,,52436,129.08
897,관광펜션업,2022-08-18,,영업/정상,영업중,,38128,367.32
898,관광펜션업,2022-08-23,,영업/정상,영업중,,26506,0
899,관광펜션업,2022-07-07,,영업/정상,영업중,,59521,82.5
900,관광펜션업,2022-07-07,,영업/정상,영업중,,36992,81
901,관광펜션업,2022-07-07,,영업/정상,영업중,,36993,195.6
902,관광펜션업,2022-08-26,,영업/정상,영업중,,12430,591.91
903,관광펜션업,2022-08-26,,영업/정상,영업중,,38306,1759
904,관광펜션업,2022-08-03,,영업/정상,영업중,,25459,0
905,관광펜션업,2022-08-11,,영업/정상,영업중,,24511,102.78
906,관광펜션업,2022-08-18,,영업/정상,영업중,,55548,0
907,관광펜션업,2018-05-28,,영업/정상,영업중,,27497,392.92
908,관광펜션업,2015-12-07,,영업/정상,영업중,,27226,218.58
909,관광펜션업,2016-02-19,,영업/정상,영업중,,27021,
910,관광펜션업,2012-07-02,,영업/정상,영업중,417-911,23007,
911,관광펜션업,2015-04-07,,영업/정상,영업중,417-862,23059,413.81
912,관광펜션업,2015-11-18,,영업/정상,영업중,,23062,
913,관광펜션업,2016-12-27,,영업/정상,영업중,,23062,
914,관광펜션업,2017-03-27,,영업/정상,영업중,,23062,
915,관광펜션업,2018-01-03,,영업/정상,영업중,,23062,206.52
916,관광펜션업,2004-07-15,,영업/정상,영업중,417-911,23007,
917,관광펜션업,2007-06-15,,영업/정상,영업중,417-862,23059,234.4
918,관광펜션업,2010-11-23,,영업/정상,영업중,417-862,23062,583.2
919,관광펜션업,2010-09-06,,영업/정상,영업중,667-924,667-924,
920,관광펜션업,2018-12-13,,영업/정상,영업중,,10846,105
921,관광펜션업,2018-12-05,,영업/정상,영업중,766-853,,2143.08
922,관광펜션업,2018-12-20,,영업/정상,영업중,,38123,
923,관광펜션업,2018-12-06,,영업/정상,영업중,,53329,
924,관광펜션업,2018-12-07,,영업/정상,영업중,,25103,184.77
925,관광펜션업,2018-12-07,,영업/정상,영업중,,25103,242.11
926,관광펜션업,2018-12-07,,영업/정상,영업중,,25103,199.08
927,관광펜션업,2020-11-27,,영업/정상,영업중,,18553,199.6
928,관광펜션업,2021-01-12,,영업/정상,영업중,,55555,
929,관광펜션업,2021-01-21,,영업/정상,영업중,,24412,
930,관광펜션업,2020-12-01,,영업/정상,영업중,,12448,
931,관광펜션업,2022-05-02,,영업/정상,영업중,,11524,0
932,관광펜션업,2022-05-02,,영업/정상,영업중,,52436,192.78
933,관광펜션업,2022-06-14,,영업/정상,영업중,,51781,198
934,관광펜션업,2022-06-15,,영업/정상,영업중,,24202,0
935,관광펜션업,2022-05-13,,영업/정상,영업중,,58900,79.2
936,관광펜션업,2022-05-31,,영업/정상,영업중,,36987,192
937,관광펜션업,2022-06-20,,영업/정상,영업중,,52436,221.6
938,관광펜션업,2022-06-27,,영업/정상,영업중,,12443,0
939,관광펜션업,2022-06-27,,영업/정상,영업중,,25058,109.41
940,관광펜션업,2022-05-06,,영업/정상,영업중,,24756,258.43
941,관광펜션업,2022-05-09,,영업/정상,영업중,,58857,0
942,관광펜션업,2022-05-23,,영업/정상,영업중,,59659,0
943,관광펜션업,2022-05-23,,영업/정상,영업중,,52303,0
944,관광펜션업,2022-04-28,,영업/정상,영업중,,25631,0
945,관광펜션업,2010-11-30,2016-04-20,취소/말소/만료/정지/중지,등록취소,469-851,,152.79
946,관광펜션업,2018-01-24,2019-09-05,취소/말소/만료/정지/중지,지정취소,,32158,464.3
947,관광펜션업,2013-09-17,2013-07-24,취소/말소/만료/정지/중지,지정취소,357-952,,310.88
948,관광펜션업,2011-10-28,2019-09-06,취소/말소/만료/정지/중지,지정취소,,32158,425.21
949,관광펜션업,2010-07-21,2020-03-24,취소/말소/만료/정지/중지,지정취소,,11042,931.3
950,관광펜션업,2011-06-16,2019-01-15,취소/말소/만료/정지/중지,지정취소,619-904,46079,187.38
951,관광펜션업,2012-06-27,2015-09-01,취소/말소/만료/정지/중지,지정취소,568-814,55557,378.84
952,관광펜션업,2018-01-23,2022-11-01,취소/말소/만료/정지/중지,지정취소,,54000,428.5
953,관광펜션업,2010-01-19,2021-07-27,취소/말소/만료/정지/중지,지정취소,225-834,,991
954,관광펜션업,2010-02-04,2021-07-26,취소/말소/만료/정지/중지,지정취소,225-834,,991
955,관광펜션업,2017-08-10,2019-01-03,취소/말소/만료/정지/중지,지정취소,,25261,
956,관광펜션업,2017-09-17,2018-06-25,취소/말소/만료/정지/중지,지정취소,,25261,18.9
957,관광펜션업,2012-12-05,2017-10-12,취소/말소/만료/정지/중지,지정취소,525-871,57115,168.95
958,관광펜션업,2011-12-15,2021-04-14,취소/말소/만료/정지/중지,지정취소,650-834,53024,
959,관광펜션업,2015-01-06,2017-11-06,취소/말소/만료/정지/중지,지정취소,689-883,45015,579
960,관광펜션업,2017-01-18,2017-08-08,취소/말소/만료/정지/중지,지정취소,,45015,3765
961,관광펜션업,2015-12-29,2017-12-01,취소/말소/만료/정지/중지,지정취소,,59564,403.99
962,관광펜션업,2007-12-05,2018-04-23,취소/말소/만료/정지/중지,지정취소,233-861,,233.37
963,관광펜션업,2017-09-01,2018-02-22,취소/말소/만료/정지/중지,지정취소,,25938,518.1
964,관광펜션업,2016-08-08,2018-02-22,취소/말소/만료/정지/중지,지정취소,,25909,84.66
965,관광펜션업,2017-07-20,2018-02-22,취소/말소/만료/정지/중지,지정취소,,25901,307.79
966,관광펜션업,2017-07-21,2018-02-22,취소/말소/만료/정지/중지,지정취소,,25910,270.11
967,관광펜션업,2017-07-27,2018-02-22,취소/말소/만료/정지/중지,지정취소,,25960,491.91
968,관광펜션업,2017-08-09,2018-02-22,취소/말소/만료/정지/중지,지정취소,,25938,369.62
969,관광펜션업,2017-08-09,2018-02-22,취소/말소/만료/정지/중지,지정취소,,25938,470.3
970,관광펜션업,2017-08-31,2018-02-22,취소/말소/만료/정지/중지,지정취소,,25938,484.74
971,관광펜션업,2017-09-01,2018-02-22,취소/말소/만료/정지/중지,지정취소,,25938,416.94
972,관광펜션업,2004-12-14,2019-01-10,취소/말소/만료/정지/중지,지정취소,215-851,,626.58
973,관광펜션업,2010-06-03,2018-11-27,취소/말소/만료/정지/중지,지정취소,,25040,198.2
974,관광펜션업,2011-04-05,2014-11-28,취소/말소/만료/정지/중지,지정취소,626-833,626-831,225.79
975,관광펜션업,2010-12-21,2018-03-21,취소/말소/만료/정지/중지,지정취소,232-923,,
976,관광펜션업,2004-08-16,2018-04-17,취소/말소/만료/정지/중지,지정취소,232-923,,1650
977,관광펜션업,2004-05-12,2018-05-14,취소/말소/만료/정지/중지,지정취소,232-804,,495
978,관광펜션업,2004-12-07,2019-05-28,취소/말소/만료/정지/중지,지정취소,232-923,,933
979,관광펜션업,2004-12-15,2019-05-28,취소/말소/만료/정지/중지,지정취소,232-923,,714
980,관광펜션업,2006-02-07,2018-04-17,취소/말소/만료/정지/중지,지정취소,232-923,,1986
981,관광펜션업,2018-06-15,2022-09-14,취소/말소/만료/정지/중지,지정취소,,26246,742.5
982,관광펜션업,2020-07-17,2022-08-01,취소/말소/만료/정지/중지,지정취소,,46039,327.66
983,관광펜션업,2020-07-17,2022-08-01,취소/말소/만료/정지/중지,지정취소,,46039,1017.59
984,관광펜션업,2020-07-17,2022-08-01,취소/말소/만료/정지/중지,지정취소,,46039,182.49
985,관광펜션업,2017-07-04,2017-10-20,취소/말소/만료/정지/중지,지정취소,,27500,465.58
986,관광펜션업,2003-11-13,2015-03-30,취소/말소/만료/정지/중지,지정취소,395-821,27021,167.39
987,관광펜션업,2003-12-03,2015-01-19,취소/말소/만료/정지/중지,지정취소,395-821,395-820,177.09
988,관광펜션업,2010-08-03,,취소/말소/만료/정지/중지,직권말소,357-952,,884.88
989,관광펜션업,2007-10-11,,취소/말소/만료/정지/중지,직권말소,357-971,,1283
990,관광펜션업,2018-01-09,,취소/말소/만료/정지/중지,직권말소,,51797,891.81
